bo_iteration,generation,best,population_best,population_mean,population_worst,distinct_members,last_improvement,offspring
0,0,0.001095658397116151,0.001095658397116151,-0.19912380185673417,-1.0,100,0,0
0,1,0.001095665464146944,0.001095665464146944,-0.07899234352798279,-1.0,74,1,100
0,2,0.0010956983920650774,0.0010956983920650774,-0.018926594905553443,-1.0,68,2,100
0,3,0.0010956983920650774,0.0010956983920650774,-0.008915596170038181,-1.0,58,2,100
0,4,0.0010956983920650774,0.0010956983920650774,0.0010953849222627816,0.00109495712757388,65,2,100
0,5,0.001095712711982921,0.001095712711982921,0.0010953911354606688,0.00109495712757388,60,5,100
0,6,0.001095712711982921,0.001095712711982921,0.0010954087436849886,0.00109495712757388,63,5,100
0,7,0.0010957537392531254,0.0010957537392531254,0.0010954805173863024,0.00109495712757388,70,7,100
0,8,0.0010957537392531254,0.0010957537392531254,0.0010955060758713134,0.001094968181019439,57,7,100
0,9,0.0010957537392531254,0.0010957537392531254,0.001095516959732334,0.001094968181019439,57,7,100
0,10,0.0010957899245673634,0.0010957899245673634,0.001095551648905937,0.0010950899867092677,54,10,100
0,11,0.0010957899245673634,0.0010957899245673634,0.001095603385659333,0.001095237774041349,50,10,100
0,12,0.001095798953194148,0.001095798953194148,0.001095637698671708,0.001095409187600884,43,12,100
0,13,0.0010958312386672043,0.0010958312386672043,0.0010956633333789685,0.0010953441179822315,48,13,100
0,14,0.0010958488093357104,0.0010958488093357104,0.0010956742471089397,0.0010953258775056145,49,14,100
0,15,0.0010958488093357104,0.0010958488093357104,0.0010956784445608954,0.0010953074773506774,45,14,100
0,16,0.0010958564197814614,0.0010958564197814614,0.0010956792385023097,0.0010953074773506774,44,16,100
0,17,0.0010958564197814614,0.0010958564197814614,0.0010957048734455922,0.0010954221200652836,40,16,100
0,18,0.0010958564197814614,0.0010958564197814614,0.001095697328352413,0.0010952998563473959,44,16,100
0,19,0.0010958582965159116,0.0010958582965159116,0.001095729272942578,0.0010954080240081158,43,19,100
0,20,0.0010958582965159116,0.0010958582965159116,0.0010957371595440057,0.0010954080240081158,45,19,100
0,21,0.0010958582965159116,0.0010958582965159116,0.0010957513655190383,0.0010954937053486002,41,19,100
0,22,0.0010958759056032248,0.0010958759056032248,0.0010957666313392619,0.0010954372717312992,43,22,100
0,23,0.0010958759056032248,0.0010958759056032248,0.0010957679722988012,0.0010952722205857194,40,22,100
0,24,0.0010959007728451606,0.0010959007728451606,0.0010957846865864446,0.0010956688540259057,37,24,100
0,25,0.0010959007728451606,0.0010959007728451606,0.001095795306205945,0.0010956712717649641,38,24,100
0,26,0.0010959007728451606,0.0010959007728451606,0.001095790572248076,0.0010954262565693726,43,24,100
0,27,0.0010959102456688345,0.0010959102456688345,0.001095799442367803,0.0010953766484587298,45,27,100
0,28,0.0010959102456688345,0.0010959102456688345,0.0010958191882392268,0.0010956878228299775,48,27,100
0,29,0.0010959102456688345,0.0010959102456688345,0.0010958214493192791,0.001095445233039379,49,27,100
0,30,0.0010959512982972918,0.0010959512982972918,0.0010958327774426794,0.0010956036038530957,44,30,100
0,31,0.0010959512982972918,0.0010959512982972918,0.0010958445331286828,0.0010956036038530957,44,30,100
0,32,0.0010959512982972918,0.0010959512982972918,0.0010958335929631476,0.001095201741655157,43,30,100
0,33,0.0010959512982972918,0.0010959512982972918,0.0010958491983723594,0.0010952290476601047,41,30,100
0,34,0.0010959512982972918,0.0010959512982972918,0.0010958709259262277,0.0010955405156957481,41,30,100
0,35,0.0010959512982972918,0.0010959512982972918,0.0010958831182356018,0.0010956442918574512,32,30,100
1,0,0.009245173901432324,0.009245173901432324,0.0015778747525226743,6.843258793497696e-05,100,0,0
1,1,0.009819350121766705,0.009819350121766705,0.0021295027229971124,9.96212012081873e-05,77,1,100
1,2,0.011937808308161789,0.011937808308161789,0.002798463221166288,7.617976936151254e-05,65,2,100
1,3,0.011937808308161789,0.011937808308161789,0.0033813240713397087,0.00016676405924466735,58,2,100
1,4,0.011937808308161789,0.011937808308161789,0.0037027997910205864,0.0008014642351187543,62,2,100
1,5,0.013521923077208908,0.013521923077208908,0.004649218334059187,0.0008014642351187543,65,5,100
1,6,0.016295447722150934,0.016295447722150934,0.005282344115433518,0.0006825709636273779,60,6,100
1,7,0.016695158383458315,0.016695158383458315,0.006143021181691624,0.0006825709636273779,57,7,100
1,8,0.016695158383458315,0.016695158383458315,0.006691549515034234,0.0006825709636273779,58,7,100
1,9,0.02408664968172653,0.02408664968172653,0.008294868241674136,0.0005761799970995674,56,9,100
1,10,0.02408664968172653,0.02408664968172653,0.009021449251711828,0.001718119859753276,64,9,100
1,11,0.02408664968172653,0.02408664968172653,0.009084943023946268,0.0014837835461314931,61,9,100
1,12,0.02642913652228695,0.02642913652228695,0.008836540819617931,0.0020972811687563642,56,12,100
1,13,0.02642913652228695,0.02642913652228695,0.009178463327467766,0.0020972811687563642,54,12,100
1,14,0.02642913652228695,0.02642913652228695,0.010019602571163829,0.0020972811687563642,54,12,100
1,15,0.02642913652228695,0.02642913652228695,0.009714179061483152,0.0005685742585636241,57,12,100
1,16,0.027904218649766235,0.027904218649766235,0.01053756567760134,0.0018301147604899114,58,16,100
1,17,0.027904218649766235,0.027904218649766235,0.011674467164128293,0.0018301147604899114,57,16,100
1,18,0.02938510795996665,0.02938510795996665,0.012508275059179738,0.0017028559609377335,50,18,100
1,19,0.02938510795996665,0.02938510795996665,0.013434815180332398,0.00116861505729632,55,18,100
1,20,0.02938510795996665,0.02938510795996665,0.01582769312125922,0.00116861505729632,41,18,100
1,21,0.02938510795996665,0.02938510795996665,0.016066231179127533,0.0012472843439572303,40,18,100
1,22,0.02938510795996665,0.02938510795996665,0.016924719632912276,0.0012472843439572303,44,18,100
1,23,0.030613431953204352,0.030613431953204352,0.017977998112497492,0.0012472843439572303,43,23,100
1,24,0.030613431953204352,0.030613431953204352,0.01835716648189131,0.0012472843439572303,33,23,100
1,25,0.031123376177493854,0.031123376177493854,0.018088676095669373,0.0012472843439572303,35,25,100
1,26,0.031123376177493854,0.031123376177493854,0.019458011071882497,0.0012472843439572303,34,25,100
1,27,0.03159249246128491,0.03159249246128491,0.020119255271664437,0.0001693438011836502,44,27,100
1,28,0.031815483406090195,0.031815483406090195,0.021097350092241715,0.0012472843439572303,45,28,100
1,29,0.032530626590568656,0.032530626590568656,0.02256580851463598,0.0011397759078913315,44,29,100
1,30,0.032530626590568656,0.032530626590568656,0.02433896099670926,0.0031167625826236996,45,29,100
1,31,0.032530626590568656,0.032530626590568656,0.025385976799616423,0.015812244514475597,37,29,100
1,32,0.032530626590568656,0.032530626590568656,0.02508642203396221,0.008834873770266666,38,29,100
1,33,0.032530626590568656,0.032530626590568656,0.02438697018830585,0.008834873770266666,41,29,100
1,34,0.032530626590568656,0.032530626590568656,0.024883946588588418,0.0023586323416280412,42,29,100
1,35,0.032530626590568656,0.032530626590568656,0.024918451349833833,0.0023586323416280412,44,29,100
2,0,0.007602689496684967,0.007602689496684967,0.0010788807223710267,4.736520468523692e-05,100,0,0
2,1,0.007602689496684967,0.007602689496684967,0.0010238178757165518,4.736520468523692e-05,67,0,100
2,2,0.007606337024084295,0.007606337024084295,0.001399176573100906,5.783102610560915e-05,58,2,100
2,3,0.012486014971711746,0.012486014971711746,0.0017441089273183869,6.294568508232845e-05,65,3,100
2,4,0.012486014971711746,0.012486014971711746,0.002462342727464897,5.060366996082052e-05,61,3,100
2,5,0.017752501049055895,0.017752501049055895,0.003304389213163098,5.060366996082052e-05,58,5,100
2,6,0.017752501049055895,0.017752501049055895,0.003596455270734264,0.000224108032428096,58,5,100
2,7,0.017752501049055895,0.017752501049055895,0.0046121263609834135,0.000224108032428096,56,5,100
2,8,0.017752501049055895,0.017752501049055895,0.004798799291050548,0.000224108032428096,59,5,100
2,9,0.017752501049055895,0.017752501049055895,0.005448736904495155,0.000224108032428096,55,5,100
2,10,0.017752501049055895,0.017752501049055895,0.005745657513807161,0.00045383211779060966,50,5,100
2,11,0.017752501049055895,0.017752501049055895,0.006006008418418679,0.000803480769107176,48,5,100
2,12,0.017752501049055895,0.017752501049055895,0.006937072327608338,0.0003068439914110277,51,5,100
2,13,0.021879700649208876,0.021879700649208876,0.00817171459420802,0.000803480769107176,47,13,100
2,14,0.021879700649208876,0.021879700649208876,0.008887160140805785,0.000803480769107176,50,13,100
2,15,0.022888942281560493,0.022888942281560493,0.009672164093961731,0.000803480769107176,52,15,100
2,16,0.022888942281560493,0.022888942281560493,0.01038157997601897,0.000803480769107176,49,15,100
2,17,0.022909075777630156,0.022909075777630156,0.011874672060119986,0.002136162012790741,54,17,100
2,18,0.02292193882617479,0.02292193882617479,0.012362091734123202,0.0005833131052188512,56,18,100
2,19,0.025883571426092794,0.025883571426092794,0.013553015187394428,0.0015217065437383732,51,19,100
2,20,0.02895092229933778,0.02895092229933778,0.01427323937331101,0.0008527720893065586,49,20,100
2,21,0.02895092229933778,0.02895092229933778,0.016888044816362226,0.0041040215993642035,42,20,100
2,22,0.02895092229933778,0.02895092229933778,0.01767593916546956,0.0029142367079121358,42,20,100
2,23,0.02895092229933778,0.02895092229933778,0.018335472748259495,0.0029142367079121358,37,20,100
2,24,0.03453110982084086,0.03453110982084086,0.018987598857848755,0.003918930154634712,46,24,100
2,25,0.03453110982084086,0.03453110982084086,0.019085618093212523,0.0041040215993642035,40,24,100
2,26,0.03453110982084086,0.03453110982084086,0.019391673342955083,0.0021396465210553398,37,24,100
2,27,0.03453110982084086,0.03453110982084086,0.019440268219803436,0.00831956072392536,35,24,100
2,28,0.03453110982084086,0.03453110982084086,0.01974195869983074,0.00831956072392536,38,24,100
2,29,0.03482722591391364,0.03482722591391364,0.021937708117547625,0.00015668391279686795,34,29,100
2,30,0.03482722591391364,0.03482722591391364,0.023848689115010188,0.00015668391279686795,28,29,100
2,31,0.03482722591391364,0.03482722591391364,0.024137712867130453,0.002156230204672883,27,29,100
2,32,0.04336984616181927,0.04336984616181927,0.024757713325354765,0.00023148006999162193,35,32,100
2,33,0.04336984616181927,0.04336984616181927,0.02705896322023975,0.0038839856002965724,29,32,100
2,34,0.04336984616181927,0.04336984616181927,0.027130999733312205,0.0005119270607228327,33,32,100
2,35,0.04336984616181927,0.04336984616181927,0.0268471019226923,9.291801653263322e-05,37,32,100
3,0,0.006238869339464902,0.006238869339464902,0.0009845401133493276,1.9001616950047463e-05,100,0,0
3,1,0.007042939762802132,0.007042939762802132,0.0012878553730874154,5.8799221611799336e-05,74,1,100
3,2,0.008897628799352995,0.008897628799352995,0.0018934461666792457,5.090772455580174e-05,60,2,100
3,3,0.01113691743933123,0.01113691743933123,0.0019228637273948459,5.090772455580174e-05,64,3,100
3,4,0.01113691743933123,0.01113691743933123,0.0025088153443017613,5.090772455580174e-05,62,3,100
3,5,0.015445725850363173,0.015445725850363173,0.003209743965963866,8.244521006564511e-05,60,5,100
3,6,0.015851425425890714,0.015851425425890714,0.004054457896047863,9.489815326987016e-05,55,6,100
3,7,0.017441946291096626,0.017441946291096626,0.003946571347565886,0.00011264215818448616,51,7,100
3,8,0.017441946291096626,0.017441946291096626,0.004350099979145169,8.218585740948307e-05,48,7,100
3,9,0.01868833110698593,0.01868833110698593,0.005092298703885679,0.0003556089953784406,47,9,100
3,10,0.01868833110698593,0.01868833110698593,0.005914802098443765,0.0004924318275284362,51,9,100
3,11,0.01868833110698593,0.01868833110698593,0.006691279581577319,0.0004924318275284362,50,9,100
3,12,0.01868833110698593,0.01868833110698593,0.007503163850229156,0.0004102856528646081,48,9,100
3,13,0.01868833110698593,0.01868833110698593,0.00814610430450072,0.0004102856528646081,57,9,100
3,14,0.01868833110698593,0.01868833110698593,0.007719969417082634,0.0004102856528646081,48,9,100
3,15,0.018831483010119787,0.018831483010119787,0.008459292141433325,0.00023067493835831178,46,15,100
3,16,0.018831483010119787,0.018831483010119787,0.008664131257179311,2.225047381560082e-05,50,15,100
3,17,0.020710150964129977,0.020710150964129977,0.008917191753630985,0.00023067493835831178,53,17,100
3,18,0.020710150964129977,0.020710150964129977,0.00978585684593108,0.00023067493835831178,47,17,100
3,19,0.024254160757977962,0.024254160757977962,0.010054925446529585,0.00023067493835831178,44,19,100
3,20,0.024254160757977962,0.024254160757977962,0.011095485551730068,0.00023067493835831178,40,19,100
3,21,0.024254160757977962,0.024254160757977962,0.012402127953836826,0.00023067493835831178,43,19,100
3,22,0.024254160757977962,0.024254160757977962,0.01416588522275389,0.00023067493835831178,36,19,100
3,23,0.026835847935935297,0.026835847935935297,0.014710504587098598,0.00023067493835831178,37,23,100
3,24,0.02704311886685114,0.02704311886685114,0.015840965878300566,0.00023067493835831178,37,24,100
3,25,0.02704311886685114,0.02704311886685114,0.017513028533497742,0.005210184111378777,34,24,100
3,26,0.03203256629088298,0.03203256629088298,0.017397368702232477,0.005210184111378777,31,26,100
3,27,0.03203256629088298,0.03203256629088298,0.018828998003916547,0.0024888602017898286,36,26,100
3,28,0.03538923909896336,0.03538923909896336,0.01987604885994609,0.002477437696459476,37,28,100
3,29,0.03538923909896336,0.03538923909896336,0.021696939513789242,0.002477437696459476,34,28,100
3,30,0.035894190501196466,0.035894190501196466,0.024183023918415553,0.0008666835523427402,29,30,100
3,31,0.035894190501196466,0.035894190501196466,0.026138819291314702,0.002477437696459476,32,30,100
3,32,0.03631528672649209,0.03631528672649209,0.02625231945230308,0.008685533592297706,28,32,100
3,33,0.03631528672649209,0.03631528672649209,0.02739902144542068,0.008869958427147436,35,32,100
3,34,0.0392419861707089,0.0392419861707089,0.027566966589505512,1.711134720579544e-05,37,34,100
3,35,0.0392419861707089,0.0392419861707089,0.028926663548620727,0.00321084156198527,33,34,100
4,0,0.0074479413927938005,0.0074479413927938005,0.0009994444699376686,1.3003418445952216e-05,100,0,0
4,1,0.0074479413927938005,0.0074479413927938005,0.0011592913194456006,1.3003418445952216e-05,75,0,100
4,2,0.0074479413927938005,0.0074479413927938005,0.0014096432024744412,4.596111870623697e-05,65,0,100
4,3,0.010738114466788653,0.010738114466788653,0.001977040436937338,6.358128782178501e-05,61,3,100
4,4,0.011775284089178242,0.011775284089178242,0.002207994773447729,6.358128782178501e-05,67,4,100
4,5,0.012719306824353481,0.012719306824353481,0.002593848579986528,6.358128782178501e-05,58,5,100
4,6,0.013337797492620585,0.013337797492620585,0.003118417162158029,0.00011814133015988705,63,6,100
4,7,0.015233612663819451,0.015233612663819451,0.003996480007494164,0.00013404819058125878,61,7,100
4,8,0.015233612663819451,0.015233612663819451,0.006184686614524556,0.00013404819058125878,62,7,100
4,9,0.01628452037578732,0.01628452037578732,0.006939832961066066,0.00013404819058125878,59,9,100
4,10,0.01851096119263214,0.01851096119263214,0.0075058166141903915,0.00013404819058125878,57,10,100
4,11,0.018624209872020785,0.018624209872020785,0.009174445519907563,0.00013404819058125878,52,11,100
4,12,0.018624209872020785,0.018624209872020785,0.009734854421113406,0.00013404819058125878,57,11,100
4,13,0.02164726575026068,0.02164726575026068,0.01118900044665474,0.0009275106984312186,56,13,100
4,14,0.024717132011049046,0.024717132011049046,0.01287103689915123,0.0009275106984312186,57,14,100
4,15,0.02681028606655856,0.02681028606655856,0.013654833116907707,0.002213591777960787,53,15,100
4,16,0.026906477240161916,0.026906477240161916,0.015413072903306523,0.002213591777960787,43,16,100
4,17,0.026906477240161916,0.026906477240161916,0.015688977399177483,0.0009188558694287769,44,16,100
4,18,0.02759934969783652,0.02759934969783652,0.016731253175047277,0.00434197153016878,50,18,100
4,19,0.02759934969783652,0.02759934969783652,0.018112093350152163,0.007730785018950505,41,18,100
4,20,0.02901946330697011,0.02901946330697011,0.019001640197126354,0.007730785018950505,44,20,100
4,21,0.02901946330697011,0.02901946330697011,0.020216668563725906,0.01071230088525487,44,20,100
4,22,0.029204847485632277,0.029204847485632277,0.020525689939924877,0.001386670553307814,45,22,100
4,23,0.034769852531256924,0.034769852531256924,0.021373330999021202,0.0007209995772449063,40,23,100
4,24,0.03745205874446221,0.03745205874446221,0.022866354001939884,0.0007209995772449063,43,24,100
4,25,0.03745205874446221,0.03745205874446221,0.024207328204737324,0.002037448183682157,49,24,100
4,26,0.040144991242929834,0.040144991242929834,0.024801144261092697,0.0035068238845303284,49,26,100
4,27,0.040144991242929834,0.040144991242929834,0.02413839715103623,0.00349673630614614,57,26,100
4,28,0.04124313741524264,0.04124313741524264,0.02609190758504698,0.0035068238845303284,55,28,100
4,29,0.0415877897775678,0.0415877897775678,0.027321002107845827,0.0026644021046958056,50,29,100
4,30,0.0415877897775678,0.0415877897775678,0.02858394122961319,0.004198102016648119,49,29,100
4,31,0.0415877897775678,0.0415877897775678,0.02827302103699534,0.004894906601367186,46,29,100
4,32,0.0415877897775678,0.0415877897775678,0.029136427960548498,0.004155379801207719,46,29,100
4,33,0.047122478343756845,0.047122478343756845,0.03050448591732839,0.004155379801207719,42,33,100
4,34,0.047122478343756845,0.047122478343756845,0.03139351447544644,0.004155379801207719,35,33,100
4,35,0.047122478343756845,0.047122478343756845,0.03181411488562367,0.022369166654326526,44,33,100
5,0,0.005852929988383427,0.005852929988383427,0.0009209876014769989,1.9511961883192613e-05,100,0,0
5,1,0.005852929988383427,0.005852929988383427,0.001238438530823029,6.751259544204337e-05,77,0,100
5,2,0.009174360507894507,0.009174360507894507,0.0015424113797628742,5.05838320737107e-05,63,2,100
5,3,0.009174360507894507,0.009174360507894507,0.0016117741528483922,5.05838320737107e-05,65,2,100
5,4,0.011737597065961926,0.011737597065961926,0.0018527062822713827,6.831076216917199e-05,63,4,100
5,5,0.011846641864963654,0.011846641864963654,0.001993661266468387,6.831076216917199e-05,62,5,100
5,6,0.011846641864963654,0.011846641864963654,0.002940440746560722,0.00018337770386799945,60,5,100
5,7,0.011846641864963654,0.011846641864963654,0.003615693088433081,0.00018337770386799945,57,5,100
5,8,0.02122512743539206,0.02122512743539206,0.0045838829309567284,0.00018337770386799945,52,8,100
5,9,0.02122512743539206,0.02122512743539206,0.005715009089694059,0.00018337770386799945,56,8,100
5,10,0.02122512743539206,0.02122512743539206,0.006118010508856492,0.00018337770386799945,58,8,100
5,11,0.02122512743539206,0.02122512743539206,0.0059751271248825,0.00018337770386799945,51,8,100
5,12,0.02122512743539206,0.02122512743539206,0.006538625585998266,0.0006271675384637021,52,8,100
5,13,0.02122512743539206,0.02122512743539206,0.006561469366623267,0.0006271675384637021,52,8,100
5,14,0.022424119579784886,0.022424119579784886,0.008426785661115887,0.0013902173429239106,53,14,100
5,15,0.022424119579784886,0.022424119579784886,0.008936180210649907,0.0018771536852681802,51,14,100
5,16,0.022424119579784886,0.022424119579784886,0.009206632758595573,0.0012158173556836242,45,14,100
5,17,0.022424119579784886,0.022424119579784886,0.010148217058539421,0.0012158173556836242,51,14,100
5,18,0.022424119579784886,0.022424119579784886,0.011195813179000978,0.0012158173556836242,52,14,100
5,19,0.022722487174948732,0.022722487174948732,0.0120824109511137,0.0012158173556836242,51,19,100
5,20,0.02915438384017105,0.02915438384017105,0.013938357151586039,0.0005729906792108722,50,20,100
5,21,0.02915438384017105,0.02915438384017105,0.015926172887553002,0.002926533839502159,45,20,100
5,22,0.02915438384017105,0.02915438384017105,0.01714231577345476,0.0012139092300075321,38,20,100
5,23,0.02915438384017105,0.02915438384017105,0.017778293768543004,0.001323902444026792,33,20,100
5,24,0.02915438384017105,0.02915438384017105,0.017723808595084906,0.001323902444026792,36,20,100
5,25,0.02915438384017105,0.02915438384017105,0.018273772639833267,0.0005881630309948057,33,20,100
5,26,0.02915438384017105,0.02915438384017105,0.018660512449102717,0.0005881630309948057,37,20,100
5,27,0.02915438384017105,0.02915438384017105,0.019769782707137938,0.0005881630309948057,30,20,100
5,28,0.02915438384017105,0.02915438384017105,0.02055047459860274,0.0005881630309948057,24,20,100
5,29,0.02915438384017105,0.02915438384017105,0.020899820174295626,0.0005881630309948057,22,20,100
5,30,0.030151898524694527,0.030151898524694527,0.021986051961462458,0.0015363687178634768,20,30,100
5,31,0.030151898524694527,0.030151898524694527,0.022370141114613853,0.002579251994338956,19,30,100
5,32,0.030151898524694527,0.030151898524694527,0.023213817695955128,0.002579251994338956,20,30,100
5,33,0.030988641796637302,0.030988641796637302,0.024507409144362825,0.002579251994338956,20,33,100
5,34,0.030988641796637302,0.030988641796637302,0.025895590839349173,0.004388067558543374,18,33,100
5,35,0.030988641796637302,0.030988641796637302,0.025980852978195666,0.004388067558543374,15,33,100
6,0,0.00415754442623013,0.00415754442623013,0.0006251610792569973,9.60551246143379e-06,100,0,0
6,1,0.00415754442623013,0.00415754442623013,0.000816754323666978,9.60551246143379e-06,71,0,100
6,2,0.00582960577195259,0.00582960577195259,0.001046191441535227,4.212112293831583e-05,66,2,100
6,3,0.007176529365701633,0.007176529365701633,0.0014261627674194424,5.8903544805904724e-05,63,3,100
6,4,0.009630163638319353,0.009630163638319353,0.001977003153458982,3.936590121600051e-05,64,4,100
6,5,0.009630163638319353,0.009630163638319353,0.0020172236374699903,3.936590121600051e-05,66,4,100
6,6,0.009630163638319353,0.009630163638319353,0.0025341820343006798,3.936590121600051e-05,62,4,100
6,7,0.009630163638319353,0.009630163638319353,0.0030140359957646513,5.721687676803753e-05,62,4,100
6,8,0.013758794820697043,0.013758794820697043,0.0041335470637736075,5.721687676803753e-05,55,8,100
6,9,0.01661683529733539,0.01661683529733539,0.0041874367610519915,5.721687676803753e-05,57,9,100
6,10,0.01661683529733539,0.01661683529733539,0.004586607521929839,5.721687676803753e-05,56,9,100
6,11,0.017077413474047436,0.017077413474047436,0.005107451268485764,6.638307554547162e-05,61,11,100
6,12,0.017077413474047436,0.017077413474047436,0.006411494281879851,6.638307554547162e-05,49,11,100
6,13,0.01777569425057179,0.01777569425057179,0.007920298374171781,9.18776707723556e-05,49,13,100
6,14,0.02032629879634939,0.02032629879634939,0.009202195515603334,0.001519643430107031,43,14,100
6,15,0.0212579121149918,0.0212579121149918,0.010156424015498832,0.001519643430107031,44,15,100
6,16,0.0212579121149918,0.0212579121149918,0.010765972376486537,0.0017470610107801193,47,15,100
6,17,0.0212579121149918,0.0212579121149918,0.012362432682452431,0.0017470610107801193,44,15,100
6,18,0.02754379329840546,0.02754379329840546,0.012336668628218653,0.0005650425838997055,42,18,100
6,19,0.02754379329840546,0.02754379329840546,0.01362669557480955,0.0017470610107801193,45,18,100
6,20,0.02754379329840546,0.02754379329840546,0.014783288621534446,0.0019451798781145568,46,18,100
6,21,0.02754379329840546,0.02754379329840546,0.015043149043648252,0.000946711267991087,43,18,100
6,22,0.02754379329840546,0.02754379329840546,0.015981258016501826,0.006086457790318817,43,18,100
6,23,0.02754379329840546,0.02754379329840546,0.016202765180526997,0.0017564137801925096,40,18,100
6,24,0.02779036535876731,0.02779036535876731,0.01765722914980216,0.0035942219306605884,35,24,100
6,25,0.029662686441077946,0.029662686441077946,0.018842883252985273,0.000932836363661268,31,25,100
6,26,0.032331396507751825,0.032331396507751825,0.019748224161655704,0.000932836363661268,41,26,100
6,27,0.032331396507751825,0.032331396507751825,0.01982496790791082,0.000932836363661268,40,26,100
6,28,0.032331396507751825,0.032331396507751825,0.01968328379787344,0.0008350918201156955,48,26,100
6,29,0.03323904576300825,0.03323904576300825,0.021253171100618907,0.0002022278908742248,46,29,100
6,30,0.0332402367233736,0.0332402367233736,0.022122830849488108,0.00147072527193233,47,30,100
6,31,0.0332402367233736,0.0332402367233736,0.02287007864440309,0.0013809729720585494,40,30,100
6,32,0.0332402367233736,0.0332402367233736,0.023330499688003804,0.006029501714371863,41,30,100
6,33,0.03324699313263832,0.03324699313263832,0.024017620688503487,0.006029501714371863,40,33,100
6,34,0.03324699313263832,0.03324699313263832,0.025815784059912805,0.006029501714371863,35,33,100
6,35,0.03393344782661348,0.03393344782661348,0.026403635708316414,0.006029501714371863,29,35,100
7,0,0.005133048235966109,0.005133048235966109,0.0006163599756337642,2.041287281171611e-05,100,0,0
7,1,0.005133048235966109,0.005133048235966109,0.0007089956477067448,4.36948810323965e-05,71,0,100
7,2,0.005511826394282236,0.005511826394282236,0.0009963221841856203,4.304220397707815e-05,63,2,100
7,3,0.005511826394282236,0.005511826394282236,0.0011010100394769145,4.36948810323965e-05,63,2,100
7,4,0.008163086833280705,0.008163086833280705,0.001148466911605422,4.36948810323965e-05,68,4,100
7,5,0.008163086833280705,0.008163086833280705,0.001428974526758425,4.36948810323965e-05,65,4,100
7,6,0.008163086833280705,0.008163086833280705,0.0015523192342134884,4.36948810323965e-05,59,4,100
7,7,0.009056992509384403,0.009056992509384403,0.0017213058727120953,4.36948810323965e-05,58,7,100
7,8,0.013263313159000565,0.013263313159000565,0.002083113661558256,0.00014447692744312614,62,8,100
7,9,0.013263313159000565,0.013263313159000565,0.002728373187957156,0.00014447692744312614,60,8,100
7,10,0.013263313159000565,0.013263313159000565,0.0036405882392070905,0.00017329449840177238,54,8,100
7,11,0.01335295688379531,0.01335295688379531,0.004545718176165291,0.00026505098860007655,57,11,100
7,12,0.01335295688379531,0.01335295688379531,0.005169189599157971,0.0002696969809296828,52,11,100
7,13,0.014345731061216987,0.014345731061216987,0.005292704022067694,0.00045520853382086286,56,13,100
7,14,0.014345731061216987,0.014345731061216987,0.006651106470531896,0.00045520853382086286,51,13,100
7,15,0.0195842068983838,0.0195842068983838,0.008112280851424198,0.0004970791735382637,49,15,100
7,16,0.0195842068983838,0.0195842068983838,0.009182723771299474,0.0017584510794636781,40,15,100
7,17,0.0195842068983838,0.0195842068983838,0.010266353612181556,0.0007985054001668143,38,15,100
7,18,0.0195842068983838,0.0195842068983838,0.011139611114607817,0.0021055096743870967,34,15,100
7,19,0.022156093357300836,0.022156093357300836,0.01278122211435977,0.002130173330379931,35,19,100
7,20,0.022156093357300836,0.022156093357300836,0.013075311754157019,0.001863288651856903,37,19,100
7,21,0.022156093357300836,0.022156093357300836,0.014011056514176739,0.0015597276384515819,30,19,100
7,22,0.022156093357300836,0.022156093357300836,0.015069064288524897,0.0015597276384515819,24,19,100
7,23,0.023360529068140005,0.023360529068140005,0.01475343127859769,0.001207012935920869,27,23,100
7,24,0.023360529068140005,0.023360529068140005,0.015851068817493846,0.005678974877896096,21,23,100
7,25,0.023360529068140005,0.023360529068140005,0.01652025954806005,0.007298928685352327,17,23,100
7,26,0.023360529068140005,0.023360529068140005,0.017258174891251216,0.007298928685352327,17,23,100
7,27,0.023360529068140005,0.023360529068140005,0.018281630263215044,0.0075231636821872575,15,23,100
7,28,0.023360529068140005,0.023360529068140005,0.018222803067567198,0.0075231636821872575,16,23,100
7,29,0.023360529068140005,0.023360529068140005,0.018793530296527264,0.0004117375958075987,13,23,100
7,30,0.023360529068140005,0.023360529068140005,0.019357560443591923,0.0009451934917924388,16,23,100
7,31,0.02437719639825185,0.02437719639825185,0.019238658468585638,0.00511209912901887,17,31,100
7,32,0.024974043063767083,0.024974043063767083,0.019717950106649562,0.0014593669276411394,14,32,100
7,33,0.024974043063767083,0.024974043063767083,0.019594123206046175,0.0014593669276411394,14,32,100
7,34,0.024974043063767083,0.024974043063767083,0.019255283862103015,0.00033792401931916896,17,32,100
7,35,0.024974043063767083,0.024974043063767083,0.01922684346305342,0.0003179687845332631,20,32,100
8,0,0.004131241411671378,0.004131241411671378,0.00065734759024978,6.8180189387417845e-06,100,0,0
8,1,0.004131241411671378,0.004131241411671378,0.0006920052811508976,6.8180189387417845e-06,74,0,100
8,2,0.004131241411671378,0.004131241411671378,0.0008314861333758237,6.8180189387417845e-06,67,0,100
8,3,0.004369159251454646,0.004369159251454646,0.0011209546754248918,1.619579867925201e-05,60,3,100
8,4,0.005963450607355817,0.005963450607355817,0.001369121292870454,4.748567289844605e-05,59,4,100
8,5,0.005963450607355817,0.005963450607355817,0.0015201789091560541,4.748567289844605e-05,61,4,100
8,6,0.006710373609970871,0.006710373609970871,0.0017458506322520643,4.748567289844605e-05,63,6,100
8,7,0.007619977250664982,0.007619977250664982,0.002099432567271896,4.748567289844605e-05,61,7,100
8,8,0.00869896005631593,0.00869896005631593,0.00271625621372623,6.530463616005538e-05,61,8,100
8,9,0.00869896005631593,0.00869896005631593,0.00321465483909011,0.00011895900692611015,51,8,100
8,10,0.00995024630019712,0.00995024630019712,0.0034921431843997915,0.00011895900692611015,53,10,100
8,11,0.00995024630019712,0.00995024630019712,0.003848958321673436,0.00011895900692611015,49,10,100
8,12,0.01037027204533865,0.01037027204533865,0.003892241878667156,0.00011895900692611015,59,12,100
8,13,0.014230318215335064,0.014230318215335064,0.004687605466355655,0.00010220058179053783,52,13,100
8,14,0.014774750958750305,0.014774750958750305,0.005349493192985939,0.00010220058179053783,49,14,100
8,15,0.01670172690742629,0.01670172690742629,0.0057634622222408295,0.00010220058179053783,40,15,100
8,16,0.01670172690742629,0.01670172690742629,0.006227140521791879,0.00035951168991144034,43,15,100
8,17,0.01670172690742629,0.01670172690742629,0.006678158814721245,0.001375808462129949,36,15,100
8,18,0.018640385974589977,0.018640385974589977,0.00741750377319487,0.0013604777746995672,36,18,100
8,19,0.018640385974589977,0.018640385974589977,0.00799674609726283,0.0015375413327805443,39,18,100
8,20,0.018640385974589977,0.018640385974589977,0.007987467711500756,0.0015375413327805443,41,18,100
8,21,0.018640385974589977,0.018640385974589977,0.008993643443954771,0.0005203230158101662,37,18,100
8,22,0.018640385974589977,0.018640385974589977,0.01133864818625635,0.0008789445634689317,33,18,100
8,23,0.024374955884109942,0.024374955884109942,0.012083636575331257,0.0008789445634689317,40,23,100
8,24,0.024374955884109942,0.024374955884109942,0.013538633980208315,0.0008789445634689317,37,23,100
8,25,0.024374955884109942,0.024374955884109942,0.014687079491043881,0.0008789445634689317,31,23,100
8,26,0.02639736272534123,0.02639736272534123,0.014545585011970926,0.0008789445634689317,34,26,100
8,27,0.02639736272534123,0.02639736272534123,0.015604156377766574,0.0016828016316924772,37,26,100
8,28,0.028592638478978964,0.028592638478978964,0.016764009050168945,6.175873969518648e-05,33,28,100
8,29,0.028592638478978964,0.028592638478978964,0.017243911987830617,4.65673763089902e-06,33,28,100
8,30,0.031141835174420745,0.031141835174420745,0.018507441294635288,7.859326783849862e-05,35,30,100
8,31,0.031141835174420745,0.031141835174420745,0.019604190732591335,0.00039281084813827527,32,30,100
8,32,0.03149899960183854,0.03149899960183854,0.02140415109779424,0.00039281084813827527,29,32,100
8,33,0.03362984336132181,0.03362984336132181,0.022715155906849707,0.0006011843974875128,24,33,100
8,34,0.03362984336132181,0.03362984336132181,0.02441438302461301,0.011998622050736783,21,33,100
8,35,0.03362984336132181,0.03362984336132181,0.02490256869776468,0.016538446791167977,22,33,100
9,0,0.001043539181499519,0.001043539181499519,0.00018818600342138735,6.33506007842117e-07,100,0,0
9,1,0.0015946126640996022,0.0015946126640996022,0.00021698624631104715,6.33506007842117e-07,71,1,100
9,2,0.0015946126640996022,0.0015946126640996022,0.00028804058757817696,1.4655423942132838e-06,60,1,100
9,3,0.0020803449179293623,0.0020803449179293623,0.00034494644851999073,1.869837958708143e-05,58,3,100
9,4,0.0029748186278798078,0.0029748186278798078,0.00039161669247463705,1.765152453704572e-06,61,4,100
9,5,0.0029748186278798078,0.0029748186278798078,0.0004903308358021283,1.765152453704572e-06,61,4,100
9,6,0.003945037498649637,0.003945037498649637,0.0006020975813929169,2.5661589081496647e-05,53,6,100
9,7,0.0048582973952841745,0.0048582973952841745,0.0009906899852323355,2.5661589081496647e-05,52,7,100
9,8,0.0048582973952841745,0.0048582973952841745,0.0011880325961867333,2.5661589081496647e-05,50,7,100
9,9,0.0048582973952841745,0.0048582973952841745,0.00127716552781007,2.5661589081496647e-05,50,7,100
9,10,0.0048582973952841745,0.0048582973952841745,0.0015194429825388517,2.5661589081496647e-05,53,7,100
9,11,0.0048582973952841745,0.0048582973952841745,0.0017977630844587492,2.5661589081496647e-05,44,7,100
9,12,0.006424873969030145,0.006424873969030145,0.0021040427881798478,0.00019538183145925898,41,12,100
9,13,0.007255283755659148,0.007255283755659148,0.002241764974246368,0.0001991384886320185,47,13,100
9,14,0.007255283755659148,0.007255283755659148,0.0025517958886644913,0.0007345064425848822,42,13,100
9,15,0.007255283755659148,0.007255283755659148,0.0026215695840321007,0.0008148019396753275,47,13,100
9,16,0.007255283755659148,0.007255283755659148,0.002941445457108979,0.0010357552786703535,41,13,100
9,17,0.007255283755659148,0.007255283755659148,0.0031965272777523457,0.0005577239020059105,50,13,100
9,18,0.007255283755659148,0.007255283755659148,0.0034999078013429235,0.0005577239020059105,45,13,100
9,19,0.007255283755659148,0.007255283755659148,0.0038545146926485608,0.0012838924518143767,43,13,100
9,20,0.008031903077695794,0.008031903077695794,0.004014833516992524,0.00012305803528717303,39,20,100
9,21,0.008031903077695794,0.008031903077695794,0.004482792397438641,0.00033220179221073827,36,20,100
9,22,0.009874312941567074,0.009874312941567074,0.005305078961360034,0.00033220179221073827,36,22,100
9,23,0.009874312941567074,0.009874312941567074,0.00565434041918707,0.0006457637590382807,36,22,100
9,24,0.009874312941567074,0.009874312941567074,0.0060340758254147035,0.0006457637590382807,34,22,100
9,25,0.009874312941567074,0.009874312941567074,0.005843023713105418,0.00111603812999282,32,22,100
9,26,0.00997447011696364,0.00997447011696364,0.006421400906338886,0.00111603812999282,27,26,100
9,27,0.00997447011696364,0.00997447011696364,0.006549074937481054,0.00111603812999282,25,26,100
9,28,0.00997447011696364,0.00997447011696364,0.00696822175196391,0.00111603812999282,23,26,100
9,29,0.00997447011696364,0.00997447011696364,0.006991557564817187,0.00032909702272526263,22,26,100
9,30,0.00997447011696364,0.00997447011696364,0.007193232793249709,0.0005511392582246682,23,26,100
9,31,0.01076537626250905,0.01076537626250905,0.007137274272073608,0.00038206823685876324,27,31,100
9,32,0.01076537626250905,0.01076537626250905,0.007458919213608951,0.00038206823685876324,28,31,100
9,33,0.010951950884384599,0.010951950884384599,0.007700508921980517,0.0002698216518053219,29,33,100
9,34,0.010951950884384599,0.010951950884384599,0.008022142014986666,0.0016429857777346523,26,33,100
9,35,0.010951950884384599,0.010951950884384599,0.008378976960939333,0.0014356511128309993,26,33,100
10,0,0.0014714070682278705,0.0014714070682278705,0.0002094358279910947,7.379096362227281e-07,100,0,0
10,1,0.0016570930725365255,0.0016570930725365255,0.0002510707691618793,7.379096362227281e-07,71,1,100
10,2,0.0024271730733195843,0.0024271730733195843,0.000371347296613529,1.3258893634732084e-06,62,2,100
10,3,0.0031844631048892,0.0031844631048892,0.00037194394162934076,3.658602196613116e-07,58,3,100
10,4,0.0031844631048892,0.0031844631048892,0.0005459403359845238,3.658602196613116e-07,63,3,100
10,5,0.004250040403464741,0.004250040403464741,0.0007509653791894795,1.0871907136840198e-05,68,5,100
10,6,0.00479266040870566,0.00479266040870566,0.0010952606504287692,7.482074711542854e-06,59,6,100
10,7,0.005692981562623548,0.005692981562623548,0.0013382504002462407,7.482074711542854e-06,62,7,100
10,8,0.007743007430471228,0.007743007430471228,0.0018338942292162401,7.482074711542854e-06,60,8,100
10,9,0.008990769778736571,0.008990769778736571,0.001963293247626671,7.482074711542854e-06,65,9,100
10,10,0.008990769778736571,0.008990769778736571,0.002246234168313538,7.482074711542854e-06,60,9,100
10,11,0.008990769778736571,0.008990769778736571,0.0029483842465403555,7.482074711542854e-06,51,9,100
10,12,0.012358712493807947,0.012358712493807947,0.003041894847060066,6.718981269667672e-05,61,12,100
10,13,0.012358712493807947,0.012358712493807947,0.003442436027332437,6.718981269667672e-05,52,12,100
10,14,0.012753846987222428,0.012753846987222428,0.0038382931678952533,0.00020062033096892012,49,14,100
10,15,0.012753846987222428,0.012753846987222428,0.004390828219309697,0.000425328308377279,39,14,100
10,16,0.012753846987222428,0.012753846987222428,0.005147224363513292,0.0001340336571126451,38,14,100
10,17,0.012753846987222428,0.012753846987222428,0.0054611683090791075,0.0001340336571126451,35,14,100
10,18,0.012753846987222428,0.012753846987222428,0.005766048165319964,0.0001340336571126451,30,14,100
10,19,0.012790499952843613,0.012790499952843613,0.006339413036836783,0.001268369406018855,34,19,100
10,20,0.017604844383124565,0.017604844383124565,0.007320546573537256,0.0004903993074936129,31,20,100
10,21,0.017604844383124565,0.017604844383124565,0.007858526683994387,0.0004903993074936129,35,20,100
10,22,0.019232842046912776,0.019232842046912776,0.00867933502179854,0.0004903993074936129,33,22,100
10,23,0.019232842046912776,0.019232842046912776,0.009763318094306512,0.0004903993074936129,34,22,100
10,24,0.019232842046912776,0.019232842046912776,0.010279282070863918,0.0015127274161592721,32,22,100
10,25,0.019232842046912776,0.019232842046912776,0.010684423482725813,0.0015127274161592721,29,22,100
10,26,0.019668349031154123,0.019668349031154123,0.01187310128124379,0.0015127274161592721,33,26,100
10,27,0.02203353122232228,0.02203353122232228,0.013078725264702558,0.002028306365688945,28,27,100
10,28,0.02203353122232228,0.02203353122232228,0.012850101232349758,0.0008804174517750086,31,27,100
10,29,0.02203353122232228,0.02203353122232228,0.013807346085014766,0.002028306365688945,27,27,100
10,30,0.02315634731200805,0.02315634731200805,0.014515593824443396,0.002028306365688945,29,30,100
10,31,0.02315634731200805,0.02315634731200805,0.014781528275001685,0.0003554847197410325,28,30,100
10,32,0.02315634731200805,0.02315634731200805,0.016597455141501193,0.002314487920914012,28,30,100
10,33,0.02315634731200805,0.02315634731200805,0.016828377365089853,0.0007142100231162657,23,30,100
10,34,0.02315634731200805,0.02315634731200805,0.017748136606496056,0.0029985632084967885,21,30,100
10,35,0.02315634731200805,0.02315634731200805,0.01804370302944331,0.0029985632084967885,17,30,100
11,0,0.0012692944762413907,0.0012692944762413907,0.00018927302908786864,2.43956744493353e-07,100,0,0
11,1,0.0020892301827944403,0.0020892301827944403,0.0002878259229741637,2.43956744493353e-07,73,1,100
11,2,0.0020892301827944403,0.0020892301827944403,0.0004409120374156285,2.43956744493353e-07,70,1,100
11,3,0.003218353596919731,0.003218353596919731,0.0005814604619299803,2.43956744493353e-07,67,3,100
11,4,0.003218353596919731,0.003218353596919731,0.0006173762661986895,7.274385199605155e-07,60,3,100
11,5,0.003218353596919731,0.003218353596919731,0.0007238752192944094,7.274385199605155e-07,56,3,100
11,6,0.003695063736515113,0.003695063736515113,0.0008125151162743854,7.274385199605155e-07,67,6,100
11,7,0.0073844376206470205,0.0073844376206470205,0.0010379950711938213,7.274385199605155e-07,62,7,100
11,8,0.008062882322885979,0.008062882322885979,0.0013791347653121964,6.0766556678651927e-05,56,8,100
11,9,0.008062882322885979,0.008062882322885979,0.0014282776170768765,6.0766556678651927e-05,55,8,100
11,10,0.008062882322885979,0.008062882322885979,0.002150210994243394,6.0766556678651927e-05,53,8,100
11,11,0.008062882322885979,0.008062882322885979,0.0027161318497086625,0.00010382268181211496,50,8,100
11,12,0.00958271637532318,0.00958271637532318,0.0032535864299062327,0.00015409022474110134,49,12,100
11,13,0.0106054057659394,0.0106054057659394,0.003661240206182496,6.667723062184054e-05,53,13,100
11,14,0.010948944915466077,0.010948944915466077,0.005022088167406881,5.992892181392532e-05,51,14,100
11,15,0.010948944915466077,0.010948944915466077,0.005358220367624092,5.992892181392532e-05,42,14,100
11,16,0.01313586995827674,0.01313586995827674,0.005256663588754536,5.992892181392532e-05,48,16,100
11,17,0.01313586995827674,0.01313586995827674,0.006251413294215275,5.992892181392532e-05,50,16,100
11,18,0.01520433755220156,0.01520433755220156,0.006540444506523602,5.576640410955903e-05,50,18,100
11,19,0.01520433755220156,0.01520433755220156,0.008125857347740288,5.576640410955903e-05,49,18,100
11,20,0.016054317035895018,0.016054317035895018,0.009196175917970714,0.0006194774514682857,41,20,100
11,21,0.018651499298159825,0.018651499298159825,0.010519986853633099,0.0006194774514682857,38,21,100
11,22,0.02217050438598089,0.02217050438598089,0.011125259625770973,0.0006194774514682857,44,22,100
11,23,0.024696736973569056,0.024696736973569056,0.01243008019644127,0.004777038792820924,43,23,100
11,24,0.024696736973569056,0.024696736973569056,0.013707850541794802,0.004777038792820924,39,23,100
11,25,0.025608700475172375,0.025608700475172375,0.014108694638746994,0.003236099329289926,37,25,100
11,26,0.025608700475172375,0.025608700475172375,0.014155818232138876,0.003236099329289926,38,25,100
11,27,0.02599683110178664,0.02599683110178664,0.014354127638083686,0.005454978251045184,41,27,100
11,28,0.02599683110178664,0.02599683110178664,0.016039062470836387,0.005454978251045184,34,27,100
11,29,0.027787243486021684,0.027787243486021684,0.017507327679402204,9.13786603015769e-05,33,29,100
11,30,0.027849167879050833,0.027849167879050833,0.017812104547037574,9.13786603015769e-05,33,30,100
11,31,0.027849167879050833,0.027849167879050833,0.018301782697364218,0.00011648266986540403,34,30,100
11,32,0.027849167879050833,0.027849167879050833,0.0186969265550682,0.0003632171655040088,36,30,100
11,33,0.027849167879050833,0.027849167879050833,0.020581303085212124,0.006043084705258554,31,30,100
11,34,0.027849167879050833,0.027849167879050833,0.021563947970279586,0.006043084705258554,32,30,100
11,35,0.028102071884305947,0.028102071884305947,0.022572778307689847,0.006043084705258554,31,35,100
12,0,0.0018796432163624942,0.0018796432163624942,0.00020003881816071185,4.097442371407946e-07,100,0,0
12,1,0.0018796432163624942,0.0018796432163624942,0.0002714826740507276,1.3511157937213465e-06,66,0,100
12,2,0.0018796432163624942,0.0018796432163624942,0.0003282143160565971,1.6784421708978509e-06,58,0,100
12,3,0.0031267448402843845,0.0031267448402843845,0.0005640518658234675,1.4924241007159123e-06,57,3,100
12,4,0.0033384379342230805,0.0033384379342230805,0.000719610669366231,1.4924241007159123e-06,59,4,100
12,5,0.0036940968463336065,0.0036940968463336065,0.0007541621572193567,6.330074258010591e-06,64,5,100
12,6,0.0036940968463336065,0.0036940968463336065,0.001069155022931714,1.2326755245432359e-05,60,5,100
12,7,0.0039111192027627695,0.0039111192027627695,0.0014555445523907076,6.958774492882774e-06,61,7,100
12,8,0.005547805010597508,0.005547805010597508,0.0018959876863699748,1.5967882510181582e-05,59,8,100
12,9,0.0070368637400173364,0.0070368637400173364,0.0022081459124729617,1.5967882510181582e-05,55,9,100
12,10,0.009856712269197293,0.009856712269197293,0.0025062408812858306,1.5967882510181582e-05,54,10,100
12,11,0.009856712269197293,0.009856712269197293,0.002665815151915111,1.5967882510181582e-05,55,10,100
12,12,0.010275432375686934,0.010275432375686934,0.0031481674697034973,1.4930018069249569e-05,54,12,100
12,13,0.010275432375686934,0.010275432375686934,0.0037684194244994727,1.4930018069249569e-05,56,12,100
12,14,0.012541714936195759,0.012541714936195759,0.004305787665351745,1.4930018069249569e-05,55,14,100
12,15,0.012884336641134184,0.012884336641134184,0.0044997202044306985,1.4930018069249569e-05,48,15,100
12,16,0.013904209816216033,0.013904209816216033,0.0039041554586238974,1.4930018069249569e-05,49,16,100
12,17,0.015974600484516675,0.015974600484516675,0.004249655899111592,1.4930018069249569e-05,58,17,100
12,18,0.017300915551946554,0.017300915551946554,0.004832304243535486,2.7884217219670412e-05,53,18,100
12,19,0.017300915551946554,0.017300915551946554,0.005231690866195733,2.7884217219670412e-05,51,18,100
12,20,0.017300915551946554,0.017300915551946554,0.006142616927264272,2.7884217219670412e-05,49,18,100
12,21,0.017300915551946554,0.017300915551946554,0.0070866829454533055,2.7884217219670412e-05,44,18,100
12,22,0.017336752701838803,0.017336752701838803,0.007972415172407054,2.7884217219670412e-05,45,22,100
12,23,0.0185720183066201,0.0185720183066201,0.009895996496823895,2.7884217219670412e-05,46,23,100
12,24,0.0185720183066201,0.0185720183066201,0.011447934651880359,2.7884217219670412e-05,41,23,100
12,25,0.020300900013583933,0.020300900013583933,0.011915141089670187,2.7884217219670412e-05,41,25,100
12,26,0.02133875053041891,0.02133875053041891,0.013948020722194596,2.7884217219670412e-05,37,26,100
12,27,0.023478791967689164,0.023478791967689164,0.01496003060854376,0.0002583537729558055,35,27,100
12,28,0.024976126527739676,0.024976126527739676,0.01558962981572254,0.00019760511252010565,32,28,100
12,29,0.026625560007923373,0.026625560007923373,0.015764456480464727,0.003238873934660838,32,29,100
12,30,0.026625560007923373,0.026625560007923373,0.01586626310128925,0.00040225567009002407,35,29,100
12,31,0.026625560007923373,0.026625560007923373,0.016296402016221997,9.910672919432478e-05,37,29,100
12,32,0.026625560007923373,0.026625560007923373,0.017123979578757883,9.910672919432478e-05,35,29,100
12,33,0.026625560007923373,0.026625560007923373,0.017265406472772398,9.910672919432478e-05,30,29,100
12,34,0.026625560007923373,0.026625560007923373,0.018067802907258425,9.910672919432478e-05,32,29,100
12,35,0.026625560007923373,0.026625560007923373,0.018385070259409064,0.00027161518437526094,29,29,100
13,0,0.001190539487290981,0.001190539487290981,0.000160746594994067,4.6965512918502683e-07,100,0,0
13,1,0.002063465604461495,0.002063465604461495,0.0001799248170372415,1.2656318347568937e-06,75,1,100
13,2,0.002063465604461495,0.002063465604461495,0.00021417888120792746,9.452466092105629e-07,69,1,100
13,3,0.0023150860216208068,0.0023150860216208068,0.0003576235953387006,1.8251022257092516e-06,63,3,100
13,4,0.003061929125868973,0.003061929125868973,0.0005028777729879065,1.8251022257092516e-06,61,4,100
13,5,0.003061929125868973,0.003061929125868973,0.0006616187880181345,1.8251022257092516e-06,57,4,100
13,6,0.004199648163373693,0.004199648163373693,0.0009528353451421128,9.056493138992765e-06,58,6,100
13,7,0.00579649942272974,0.00579649942272974,0.0012013615948906053,2.4294402757964087e-05,57,7,100
13,8,0.00579649942272974,0.00579649942272974,0.0012698193689334805,2.4294402757964087e-05,54,7,100
13,9,0.00590370779526744,0.00590370779526744,0.0014453111141250375,2.4294402757964087e-05,56,9,100
13,10,0.00793699832889341,0.00793699832889341,0.0016800007940012325,2.4294402757964087e-05,54,10,100
13,11,0.00793699832889341,0.00793699832889341,0.0020168120612909955,2.4294402757964087e-05,45,10,100
13,12,0.00793699832889341,0.00793699832889341,0.0021014729426686927,5.310043474543089e-05,50,10,100
13,13,0.00793699832889341,0.00793699832889341,0.002321802661527315,9.000622797866579e-05,52,10,100
13,14,0.008622470846501529,0.008622470846501529,0.0024277073761855656,0.00016966169942212676,51,14,100
13,15,0.008622470846501529,0.008622470846501529,0.0027700027891201227,0.00011768395128402935,50,14,100
13,16,0.0100364007652817,0.0100364007652817,0.003204090754996596,9.544755461550605e-06,45,16,100
13,17,0.01103197247810548,0.01103197247810548,0.00351604018198325,9.98381003556462e-05,56,17,100
13,18,0.011804011591419184,0.011804011591419184,0.0039776879791904194,1.2432570260560472e-05,53,18,100
13,19,0.011804011591419184,0.011804011591419184,0.004167387272927693,9.98381003556462e-05,49,18,100
13,20,0.013887235030199216,0.013887235030199216,0.004718580029517706,6.0939139021868216e-05,54,20,100
13,21,0.013887235030199216,0.013887235030199216,0.004965378180484277,0.0003154504183570006,43,20,100
13,22,0.016633180062893608,0.016633180062893608,0.005123387011375014,0.000398765946995055,53,22,100
13,23,0.016633180062893608,0.016633180062893608,0.005930689215756557,0.000398765946995055,47,22,100
13,24,0.016633180062893608,0.016633180062893608,0.006521460694656255,0.0008957072242754731,46,22,100
13,25,0.018182650488982204,0.018182650488982204,0.007816365457028627,0.0008957072242754731,49,25,100
13,26,0.01864634922670161,0.01864634922670161,0.007830811872166657,0.0006319270972950635,50,26,100
13,27,0.01864634922670161,0.01864634922670161,0.008759875213589062,0.0006319270972950635,50,26,100
13,28,0.01908748133489559,0.01908748133489559,0.009622424100216987,0.00016663205235745312,46,28,100
13,29,0.01908748133489559,0.01908748133489559,0.00970394541132803,0.0005182122374556989,44,28,100
13,30,0.019329579096825745,0.019329579096825745,0.00966870200755845,0.0005561222762345695,48,30,100
13,31,0.019329579096825745,0.019329579096825745,0.010028014140881962,0.00016461783419415552,48,30,100
13,32,0.019329579096825745,0.019329579096825745,0.01107602840154125,0.0009917311516402611,46,30,100
13,33,0.019329579096825745,0.019329579096825745,0.011314074457212603,4.733732603580171e-05,42,30,100
13,34,0.02427034035079634,0.02427034035079634,0.012097022315609565,4.733732603580171e-05,41,34,100
13,35,0.02427034035079634,0.02427034035079634,0.012994454159571905,4.733732603580171e-05,37,34,100
14,0,0.008121112217913593,0.008121112217913593,0.00022024730287252965,1.6124934210754977e-07,100,0,0
14,1,0.008121112217913593,0.008121112217913593,0.00021643261377865045,2.1532664110535126e-07,74,0,100
14,2,0.008121112217913593,0.008121112217913593,0.000410824251918512,6.474080129663399e-07,65,0,100
14,3,0.00870687334079976,0.00870687334079976,0.0004765455236864726,6.474080129663399e-07,60,3,100
14,4,0.014211464657175356,0.014211464657175356,0.0006769192815512675,6.474080129663399e-07,62,4,100
14,5,0.014211464657175356,0.014211464657175356,0.00066577677711206,2.0410014927365675e-06,67,4,100
14,6,0.014211464657175356,0.014211464657175356,0.0008904349555662115,2.0410014927365675e-06,57,4,100
14,7,0.014211464657175356,0.014211464657175356,0.0013590165326420787,2.0410014927365675e-06,61,4,100
14,8,0.014211464657175356,0.014211464657175356,0.0015950655810965861,9.565962716759428e-06,54,4,100
14,9,0.014211464657175356,0.014211464657175356,0.0019566083018317036,3.824122134915011e-06,58,4,100
14,10,0.016038688467234313,0.016038688467234313,0.0021139757519609485,3.824122134915011e-06,67,10,100
14,11,0.016038688467234313,0.016038688467234313,0.0023104681509849368,3.824122134915011e-06,61,10,100
14,12,0.016038688467234313,0.016038688467234313,0.0032014925900455075,3.824122134915011e-06,57,10,100
14,13,0.016038688467234313,0.016038688467234313,0.004072832011277768,0.0001406698519170024,58,10,100
14,14,0.01734491478175737,0.01734491478175737,0.004187880029941868,0.000207240919102185,60,14,100
14,15,0.01734491478175737,0.01734491478175737,0.0046887759266469155,0.0003923049099200278,56,14,100
14,16,0.022214109127980327,0.022214109127980327,0.005338243742853599,0.0004054962776708624,55,16,100
14,17,0.022214109127980327,0.022214109127980327,0.005680152305339665,0.0004054962776708624,58,16,100
14,18,0.022214109127980327,0.022214109127980327,0.0071450992385075325,4.843663260477974e-06,54,16,100
14,19,0.03174956630842572,0.03174956630842572,0.006867178164662695,4.843663260477974e-06,59,19,100
14,20,0.03174956630842572,0.03174956630842572,0.007785923915182683,4.843663260477974e-06,60,19,100
14,21,0.03174956630842572,0.03174956630842572,0.009134063054406165,5.684778218668419e-05,54,19,100
14,22,0.03174956630842572,0.03174956630842572,0.009150968821039423,0.00011917919469738329,51,19,100
14,23,0.03174956630842572,0.03174956630842572,0.010769475461596822,0.001098797099003488,40,19,100
14,24,0.03174956630842572,0.03174956630842572,0.011393016489027092,5.3536781735049276e-05,39,19,100
14,25,0.03174956630842572,0.03174956630842572,0.012941094985028701,5.3536781735049276e-05,39,19,100
14,26,0.03618833884439983,0.03618833884439983,0.013840940554524749,0.002034334306103147,38,26,100
14,27,0.04103433583091226,0.04103433583091226,0.015233769414311482,0.0033013196128347123,41,27,100
14,28,0.04103433583091226,0.04103433583091226,0.017221947103378665,0.00011932289147862361,43,27,100
14,29,0.04103433583091226,0.04103433583091226,0.0180889872469069,2.1421853985871043e-05,47,27,100
14,30,0.04287575047815481,0.04287575047815481,0.019213647564009322,0.00022746101196210468,47,30,100
14,31,0.04287575047815481,0.04287575047815481,0.021540493242188076,0.00022746101196210468,52,30,100
14,32,0.04287575047815481,0.04287575047815481,0.02135682454319237,0.00022746101196210468,52,30,100
14,33,0.04341485458532561,0.04341485458532561,0.022668215351895935,0.00022746101196210468,46,33,100
14,34,0.04341485458532561,0.04341485458532561,0.023859910547526852,0.00022746101196210468,41,33,100
14,35,0.04531302562876385,0.04531302562876385,0.027346774981118368,0.00022746101196210468,45,35,100
15,0,0.0045236412027541,0.0045236412027541,0.00019246887133593974,6.094484485318946e-09,100,0,0
15,1,0.0045236412027541,0.0045236412027541,0.00034685380022638824,6.094484485318946e-09,71,0,100
15,2,0.0045236412027541,0.0045236412027541,0.00046390739961967573,4.666423867779427e-08,69,0,100
15,3,0.0045236412027541,0.0045236412027541,0.0005249514169264154,4.666423867779427e-08,64,0,100
15,4,0.0045236412027541,0.0045236412027541,0.0006754229270342173,4.666423867779427e-08,60,0,100
15,5,0.0045236412027541,0.0045236412027541,0.000809203026122604,4.77029340901251e-06,54,0,100
15,6,0.0045236412027541,0.0045236412027541,0.001144565227925075,4.77029340901251e-06,49,0,100
15,7,0.005345212031018037,0.005345212031018037,0.0012562211532536058,9.314823949246355e-06,49,7,100
15,8,0.006238520638129238,0.006238520638129238,0.0016079406717483266,9.016217927203653e-05,49,8,100
15,9,0.009032289028752773,0.009032289028752773,0.0020314237356568107,9.016217927203653e-05,51,9,100
15,10,0.011438434838147493,0.011438434838147493,0.002374960442106611,9.016217927203653e-05,50,10,100
15,11,0.01257337728094508,0.01257337728094508,0.003294679544210608,0.00016289137947662555,48,11,100
15,12,0.01257337728094508,0.01257337728094508,0.0035161230798526084,0.00011733386057783237,52,11,100
15,13,0.01257337728094508,0.01257337728094508,0.004004597094841091,0.0005119734021425924,50,11,100
15,14,0.01482181751460191,0.01482181751460191,0.004329546177443964,0.00016561869073529315,48,14,100
15,15,0.014857669635258468,0.014857669635258468,0.004722395214507572,0.00016521928719337182,56,15,100
15,16,0.016195338207058728,0.016195338207058728,0.005162339468025512,4.169515114392985e-05,52,16,100
15,17,0.016195338207058728,0.016195338207058728,0.00581394264400813,5.010787462725037e-05,52,16,100
15,18,0.016195338207058728,0.016195338207058728,0.0060873857765170805,6.848002621386452e-05,50,16,100
15,19,0.01782090132825763,0.01782090132825763,0.007469018585221933,8.51021496499594e-05,48,19,100
15,20,0.01782090132825763,0.01782090132825763,0.007813044428054255,8.51021496499594e-05,55,19,100
15,21,0.020256750921762975,0.020256750921762975,0.008285108034880797,4.909726866672039e-06,53,21,100
15,22,0.020256750921762975,0.020256750921762975,0.009284116230919797,4.852404408471202e-06,50,21,100
15,23,0.020256750921762975,0.020256750921762975,0.009825740413665492,4.852404408471202e-06,53,21,100
15,24,0.020256750921762975,0.020256750921762975,0.01063568641821374,4.909726866672039e-06,47,21,100
15,25,0.020256750921762975,0.020256750921762975,0.011912587840221698,4.909726866672039e-06,42,21,100
15,26,0.021493595027966366,0.021493595027966366,0.012370232461413746,4.909726866672039e-06,43,26,100
15,27,0.024312106947824395,0.024312106947824395,0.012250347667717392,4.909726866672039e-06,48,27,100
15,28,0.024312106947824395,0.024312106947824395,0.013061954555025552,4.909726866672039e-06,44,27,100
15,29,0.024312106947824395,0.024312106947824395,0.014168597647112728,7.554870662697621e-06,45,27,100
15,30,0.02695371541065113,0.02695371541065113,0.016727737318321875,0.0026755022428232612,38,30,100
15,31,0.02695371541065113,0.02695371541065113,0.01735052309374874,0.0022255135540058275,32,30,100
15,32,0.02695371541065113,0.02695371541065113,0.017479550906795708,0.0022255135540058275,34,30,100
15,33,0.02695371541065113,0.02695371541065113,0.018592847681114966,0.0026755022428232612,32,30,100
15,34,0.027890199437497053,0.027890199437497053,0.019278058461995477,0.007434540153834667,32,34,100
15,35,0.027890199437497053,0.027890199437497053,0.019185851409196902,0.0001976462080368153,38,34,100
16,0,0.0045857393910498645,0.0045857393910498645,0.00020762443708666035,1.0237749122170351e-07,100,0,0
16,1,0.0045857393910498645,0.0045857393910498645,0.0002756927801162501,1.5891258744842464e-07,76,0,100
16,2,0.00848465950739449,0.00848465950739449,0.00032290352498912545,1.5891258744842464e-07,68,2,100
16,3,0.00848465950739449,0.00848465950739449,0.00035377327957154,1.5891258744842464e-07,61,2,100
16,4,0.00848465950739449,0.00848465950739449,0.00031279787456717646,1.5891258744842464e-07,57,2,100
16,5,0.00848465950739449,0.00848465950739449,0.00036345000168331877,1.5891258744842464e-07,55,2,100
16,6,0.010322361489645378,0.010322361489645378,0.000500296983912607,1.5891258744842464e-07,69,6,100
16,7,0.010322361489645378,0.010322361489645378,0.0009822929270502413,7.949553356418179e-08,65,6,100
16,8,0.010322361489645378,0.010322361489645378,0.0008721489426439976,1.5891258744842464e-07,72,6,100
16,9,0.011805695454238735,0.011805695454238735,0.0006870436529137554,2.9422811868283516e-06,58,9,100
16,10,0.011805695454238735,0.011805695454238735,0.001017667432703451,2.9422811868283516e-06,63,9,100
16,11,0.016134312377295894,0.016134312377295894,0.0012484436069280667,5.942102698400611e-06,67,11,100
16,12,0.016134312377295894,0.016134312377295894,0.0011328993166112664,1.4348432409448653e-05,60,11,100
16,13,0.016134312377295894,0.016134312377295894,0.0016826936422387959,1.6595023629222873e-05,55,11,100
16,14,0.016134312377295894,0.016134312377295894,0.0020747353564882403,1.6595023629222873e-05,54,11,100
16,15,0.016134312377295894,0.016134312377295894,0.003105957024724601,1.3236841275712498e-05,55,11,100
16,16,0.016134312377295894,0.016134312377295894,0.004558076911206404,2.2554147508038757e-05,53,11,100
16,17,0.017839517008070495,0.017839517008070495,0.004866092598201917,0.0002658403263904904,56,17,100
16,18,0.02086202219133846,0.02086202219133846,0.007114756129570108,0.00036118376965983516,52,18,100
16,19,0.02086202219133846,0.02086202219133846,0.009120658107038233,0.00041288844262023445,47,18,100
16,20,0.02086202219133846,0.02086202219133846,0.00968007997488303,0.00015767457231884272,44,18,100
16,21,0.022908432569200558,0.022908432569200558,0.011689960385592963,0.0005581154126884208,43,21,100
16,22,0.024533098694930446,0.024533098694930446,0.01191748419319672,0.0005581154126884208,35,22,100
16,23,0.024533098694930446,0.024533098694930446,0.012173443169720532,0.0005581154126884208,32,22,100
16,24,0.026037940372268364,0.026037940372268364,0.01388331671479249,0.0005581154126884208,33,24,100
16,25,0.0263199174319157,0.0263199174319157,0.014674833267877028,2.0183642840223225e-05,31,25,100
16,26,0.0263199174319157,0.0263199174319157,0.0147628460686974,0.0001656974829010137,35,25,100
16,27,0.0263199174319157,0.0263199174319157,0.01573851359665216,1.0177298843833436e-05,33,25,100
16,28,0.02665208072545887,0.02665208072545887,0.016190279689465615,1.0177298843833436e-05,37,28,100
16,29,0.0288562110832718,0.0288562110832718,0.018150319524535326,1.0177298843833436e-05,31,29,100
16,30,0.0288562110832718,0.0288562110832718,0.017958394866032634,1.4353663260621762e-05,39,29,100
16,31,0.0288562110832718,0.0288562110832718,0.01880275464198921,1.4353663260621762e-05,41,29,100
16,32,0.0288562110832718,0.0288562110832718,0.018781198995730955,6.359983353052229e-05,32,29,100
16,33,0.0288562110832718,0.0288562110832718,0.018924546242732952,0.0001804128381447008,30,29,100
16,34,0.0288562110832718,0.0288562110832718,0.020363911381394394,0.0001804128381447008,30,29,100
16,35,0.030033937697734513,0.030033937697734513,0.02120646800198259,0.0001804128381447008,35,35,100
17,0,0.002434208303683799,0.002434208303683799,0.0001074651142960647,2.7335507193997e-08,100,0,0
17,1,0.004365312873741638,0.004365312873741638,0.00024451290722138895,2.7335507193997e-08,72,1,100
17,2,0.004365312873741638,0.004365312873741638,0.00025282039250771183,9.85413255042318e-08,62,1,100
17,3,0.004884721118414474,0.004884721118414474,0.00044139295782296664,9.85413255042318e-08,66,3,100
17,4,0.004884721118414474,0.004884721118414474,0.0004492393155676319,9.85413255042318e-08,62,3,100
17,5,0.004884721118414474,0.004884721118414474,0.000646111278621921,8.454068949035464e-07,60,3,100
17,6,0.004884721118414474,0.004884721118414474,0.0011349253266694733,8.454068949035464e-07,52,3,100
17,7,0.005153291838499802,0.005153291838499802,0.0015403372649742215,1.8193953588449435e-06,63,7,100
17,8,0.006820544095507697,0.006820544095507697,0.0018892151017523811,1.8450927022603986e-06,57,8,100
17,9,0.007247251433698452,0.007247251433698452,0.0020228336318100656,3.39101251142118e-05,49,9,100
17,10,0.007247251433698452,0.007247251433698452,0.002432497720046094,5.925853254260796e-05,45,9,100
17,11,0.007247251433698452,0.007247251433698452,0.0027871513448296955,0.00012180235896379495,42,9,100
17,12,0.009899179449880172,0.009899179449880172,0.0031350508457563546,5.228445243889081e-05,44,12,100
17,13,0.009899179449880172,0.009899179449880172,0.0032512642675698675,5.228445243889081e-05,35,12,100
17,14,0.009899179449880172,0.009899179449880172,0.003761073321288605,0.00020502421152131223,45,12,100
17,15,0.010868099694222477,0.010868099694222477,0.003915501030395836,3.805226821550027e-05,39,15,100
17,16,0.010868099694222477,0.010868099694222477,0.004406726329990926,1.626362565471928e-05,41,15,100
17,17,0.010868099694222477,0.010868099694222477,0.005496920347474308,2.2568970407004906e-05,44,15,100
17,18,0.013581661719786278,0.013581661719786278,0.0058990970791711695,2.2568970407004906e-05,36,18,100
17,19,0.013581661719786278,0.013581661719786278,0.0066399899067849655,0.00017512004613044405,32,18,100
17,20,0.013581661719786278,0.013581661719786278,0.0066423322453503806,3.219468552319185e-05,30,18,100
17,21,0.016203558186972992,0.016203558186972992,0.006994175725564995,7.2427305168781e-05,38,21,100
17,22,0.016203558186972992,0.016203558186972992,0.007006643859116752,0.00014053799505728075,36,21,100
17,23,0.016203558186972992,0.016203558186972992,0.0073824692866411405,0.00014053799505728075,35,21,100
17,24,0.016203558186972992,0.016203558186972992,0.008069777441758033,0.0006038737110330003,37,21,100
17,25,0.017047710282688252,0.017047710282688252,0.008206494192221506,0.00017714606934175043,44,25,100
17,26,0.017047710282688252,0.017047710282688252,0.009471387626404931,0.00017714606934175043,45,25,100
17,27,0.017047710282688252,0.017047710282688252,0.01033197993773403,0.00017714606934175043,40,25,100
17,28,0.017639345034108682,0.017639345034108682,0.011145857520970985,0.0005133950895434688,39,28,100
17,29,0.019533820814915323,0.019533820814915323,0.011795874005068848,2.016192548833076e-05,40,29,100
17,30,0.019533820814915323,0.019533820814915323,0.013463009393092912,2.016192548833076e-05,28,29,100
17,31,0.019533820814915323,0.019533820814915323,0.013692400535306192,0.00159784796799709,27,29,100
17,32,0.021405198273448143,0.021405198273448143,0.014952330144745896,0.0016308793235530073,23,32,100
17,33,0.021405198273448143,0.021405198273448143,0.015794671313669847,0.0016308793235530073,21,32,100
17,34,0.02245318872560507,0.02245318872560507,0.015684147414802143,0.0012756792545469027,29,34,100
17,35,0.02245318872560507,0.02245318872560507,0.01487270841495819,7.704312447754129e-05,37,34,100
18,0,0.0015060866664387048,0.0015060866664387048,0.00011365002486556829,4.224068665649605e-08,100,0,0
18,1,0.003980750472934351,0.003980750472934351,0.0001834097211209681,4.224068665649605e-08,82,1,100
18,2,0.006099434767040578,0.006099434767040578,0.0002889295017369957,1.0691343711645107e-07,76,2,100
18,3,0.006099434767040578,0.006099434767040578,0.00033277261401211557,4.882673620810179e-07,66,2,100
18,4,0.006099434767040578,0.006099434767040578,0.00043823299752338436,4.882673620810179e-07,65,2,100
18,5,0.006099434767040578,0.006099434767040578,0.0004572475953701098,4.882673620810179e-07,66,2,100
18,6,0.006099434767040578,0.006099434767040578,0.0005962388383587652,1.9363434875453692e-06,61,2,100
18,7,0.006099434767040578,0.006099434767040578,0.0007956323664203778,9.555353386921213e-07,57,2,100
18,8,0.006099434767040578,0.006099434767040578,0.0009872551587249729,1.4089670870769778e-05,52,2,100
18,9,0.006099434767040578,0.006099434767040578,0.0011958123976420782,3.7723336173989014e-06,53,2,100
18,10,0.007329984052788237,0.007329984052788237,0.0016807208348085614,1.4089670870769778e-05,53,10,100
18,11,0.00734840160549451,0.00734840160549451,0.0017744630756734356,1.7876184242833368e-05,49,11,100
18,12,0.008024240654163791,0.008024240654163791,0.0021593960765103233,1.7876184242833368e-05,49,12,100
18,13,0.00966090914689947,0.00966090914689947,0.00255522398446619,1.0535604069193856e-05,46,13,100
18,14,0.00966090914689947,0.00966090914689947,0.0035734562686410946,4.098765485184119e-05,34,13,100
18,15,0.011502857026184109,0.011502857026184109,0.0037905953843208728,4.098765485184119e-05,47,15,100
18,16,0.011502857026184109,0.011502857026184109,0.004069641930587051,3.982943679456722e-05,54,15,100
18,17,0.014832532970050744,0.014832532970050744,0.004134441948724206,4.098765485184119e-05,52,17,100
18,18,0.014832532970050744,0.014832532970050744,0.005029831011038907,4.098765485184119e-05,50,17,100
18,19,0.014832532970050744,0.014832532970050744,0.005762288517864312,4.832447739835347e-05,49,17,100
18,20,0.017242363751588496,0.017242363751588496,0.0065121143730462105,0.00013624263434457444,44,20,100
18,21,0.019616467325298866,0.019616467325298866,0.007102101705035971,0.00013624263434457444,42,21,100
18,22,0.019616467325298866,0.019616467325298866,0.007294573562543026,4.180429763457936e-05,42,21,100
18,23,0.019616467325298866,0.019616467325298866,0.008669907330331655,3.981693064113845e-05,38,21,100
18,24,0.019616467325298866,0.019616467325298866,0.010861651433127194,3.981693064113845e-05,40,21,100
18,25,0.019616467325298866,0.019616467325298866,0.0120006242628497,0.00013492415420419935,29,21,100
18,26,0.019616467325298866,0.019616467325298866,0.013237604488864765,0.002726601259897675,34,21,100
18,27,0.019616467325298866,0.019616467325298866,0.013706781803136335,0.000787678552453392,27,21,100
18,28,0.019616467325298866,0.019616467325298866,0.014115454933693644,0.0002064207818792583,32,21,100
18,29,0.019616467325298866,0.019616467325298866,0.01518914935921624,0.00011183505404904108,25,21,100
18,30,0.022203480363168337,0.022203480363168337,0.01633696222680918,0.0024748744466949572,24,30,100
18,31,0.022203480363168337,0.022203480363168337,0.016913858975298818,0.0013193302506046348,20,30,100
18,32,0.022203480363168337,0.022203480363168337,0.017147781113148713,0.0013193302506046348,19,30,100
18,33,0.02227378606727883,0.02227378606727883,0.017612014687778687,0.0003014378708626987,18,33,100
18,34,0.02227378606727883,0.02227378606727883,0.017764700293988113,0.0003014378708626987,15,33,100
18,35,0.02227378606727883,0.02227378606727883,0.016950727442447962,0.0001487417536508494,18,33,100
19,0,0.002049791219580894,0.002049791219580894,0.00012762315932832575,3.7843538584204285e-08,100,0,0
19,1,0.002248141828923505,0.002248141828923505,0.00018325559422655631,6.522318789993192e-09,75,1,100
19,2,0.00237389200629063,0.00237389200629063,0.00032591425678314885,6.522318789993192e-09,71,2,100
19,3,0.005193851175946552,0.005193851175946552,0.0004101992557862,1.0764945727924129e-06,59,3,100
19,4,0.005193851175946552,0.005193851175946552,0.00047064659803779015,1.0764945727924129e-06,56,3,100
19,5,0.006784578277619902,0.006784578277619902,0.0007113412547677667,1.1870140433898071e-06,63,5,100
19,6,0.006784578277619902,0.006784578277619902,0.001037151663625275,1.1870140433898071e-06,62,5,100
19,7,0.007999231292284022,0.007999231292284022,0.0014170932017406094,1.1870140433898071e-06,69,7,100
19,8,0.012559502443689453,0.012559502443689453,0.0017739511134707501,4.593560284834195e-06,59,8,100
19,9,0.012559502443689453,0.012559502443689453,0.0026471485751727803,1.2273014008756323e-05,61,8,100
19,10,0.012707418131860843,0.012707418131860843,0.0028924407689071368,0.0001781400148029833,64,10,100
19,11,0.012707418131860843,0.012707418131860843,0.0033798306889084467,0.00010467782440489533,64,10,100
19,12,0.019951872942560244,0.019951872942560244,0.004316629311488386,7.666777290621146e-05,60,12,100
19,13,0.019951872942560244,0.019951872942560244,0.0044807299102819845,2.441480281729409e-05,59,12,100
19,14,0.02605690169831362,0.02605690169831362,0.005365956018443367,2.441480281729409e-05,54,14,100
19,15,0.02605690169831362,0.02605690169831362,0.005950222942031454,0.0001781400148029833,54,14,100
19,16,0.02605690169831362,0.02605690169831362,0.006895956297417273,0.0001781400148029833,57,14,100
19,17,0.03081934664895915,0.03081934664895915,0.0072552382425002315,2.8876315228864332e-05,53,17,100
19,18,0.03159631093319107,0.03159631093319107,0.008139568512353073,1.3418410816158665e-05,52,18,100
19,19,0.03159631093319107,0.03159631093319107,0.009731459088383757,0.0003852857053219432,54,18,100
19,20,0.03159631093319107,0.03159631093319107,0.01009493701598768,0.0006713236670850232,51,18,100
19,21,0.03159631093319107,0.03159631093319107,0.013947648069203532,0.000967330285033245,45,18,100
19,22,0.03159631093319107,0.03159631093319107,0.014937613031150668,0.001801674574831949,44,18,100
19,23,0.03159631093319107,0.03159631093319107,0.015657393263629762,3.419394278958654e-05,41,18,100
19,24,0.03718734765290054,0.03718734765290054,0.016706540716141086,3.419394278958654e-05,42,24,100
19,25,0.03718734765290054,0.03718734765290054,0.017866148361750756,0.00017367397432092088,40,24,100
19,26,0.03718734765290054,0.03718734765290054,0.018385657411360702,0.00017367397432092088,40,24,100
19,27,0.03718734765290054,0.03718734765290054,0.018743657857713616,7.647271415923182e-05,41,24,100
19,28,0.03718734765290054,0.03718734765290054,0.02031195384109698,4.609554039383703e-06,37,24,100
19,29,0.03718734765290054,0.03718734765290054,0.023480293903578198,7.647271415923182e-05,32,24,100
19,30,0.03718734765290054,0.03718734765290054,0.02534449307811957,0.010437081595103676,32,24,100
19,31,0.03718734765290054,0.03718734765290054,0.025884790104214274,0.00020314627800502305,35,24,100
19,32,0.037187347652900625,0.037187347652900625,0.02712078022315724,0.010437081595103676,24,32,100
19,33,0.037187347652900625,0.037187347652900625,0.02702319471108042,0.000843774507021491,31,32,100
19,34,0.037187347652900625,0.037187347652900625,0.02826493086032261,0.0037228533533003195,27,32,100
19,35,0.037187347652900625,0.037187347652900625,0.029261543478570642,0.007449198042733904,28,32,100
20,0,0.0027877282150785,0.0027877282150785,0.00010431659158017383,1.1646480173671577e-09,100,0,0
20,1,0.0027877282150785,0.0027877282150785,0.00013386215649035534,1.018493767157602e-08,73,0,100
20,2,0.004144940433278399,0.004144940433278399,0.00023777336975421012,1.018493767157602e-08,70,2,100
20,3,0.004144940433278399,0.004144940433278399,0.00037451148774837273,1.018493767157602e-08,55,2,100
20,4,0.005363814295886941,0.005363814295886941,0.00044085495349336094,1.018493767157602e-08,56,4,100
20,5,0.008048788228692833,0.008048788228692833,0.0007030819214506374,6.927544504827437e-07,60,5,100
20,6,0.008048788228692833,0.008048788228692833,0.0009053604572223786,4.057349180410313e-06,51,5,100
20,7,0.008048788228692833,0.008048788228692833,0.0013164811696434022,7.956448200518071e-06,63,5,100
20,8,0.010507948511151666,0.010507948511151666,0.0016520994814227012,7.956448200518071e-06,55,8,100
20,9,0.016105532072797166,0.016105532072797166,0.0022634989680351356,5.909845148224056e-06,58,9,100
20,10,0.01837498781380597,0.01837498781380597,0.002961286469716585,5.909845148224056e-06,54,10,100
20,11,0.01837498781380597,0.01837498781380597,0.0033009649926382945,7.956448200518071e-06,54,10,100
20,12,0.01837498781380597,0.01837498781380597,0.003727595096476184,7.956448200518071e-06,57,10,100
20,13,0.01926587475384073,0.01926587475384073,0.003305595923257651,7.956448200518071e-06,57,13,100
20,14,0.01926587475384073,0.01926587475384073,0.003891133704466074,2.4641362879865964e-05,60,13,100
20,15,0.01926587475384073,0.01926587475384073,0.004417154649582253,2.4641362879865964e-05,63,13,100
20,16,0.01926587475384073,0.01926587475384073,0.004757352813417422,3.8652958675199686e-05,55,13,100
20,17,0.023533163458152383,0.023533163458152383,0.005578896931813618,3.8652958675199686e-05,50,17,100
20,18,0.023533163458152383,0.023533163458152383,0.00624972460984768,3.8652958675199686e-05,48,17,100
20,19,0.02579925901398741,0.02579925901398741,0.007282508341252269,3.8652958675199686e-05,48,19,100
20,20,0.02579925901398741,0.02579925901398741,0.00833868828546462,0.0011040879586917511,49,19,100
20,21,0.02579925901398741,0.02579925901398741,0.008974682841593674,0.00029527388046577535,44,19,100
20,22,0.02579925901398741,0.02579925901398741,0.010333860267691276,3.4379615038189666e-05,43,19,100
20,23,0.026578649378600775,0.026578649378600775,0.011136763734686748,1.8400332173402784e-05,50,23,100
20,24,0.026578649378600775,0.026578649378600775,0.012538368747738506,0.0021599718191781785,51,23,100
20,25,0.026578649378600775,0.026578649378600775,0.013756577279332154,0.0021599718191781785,50,23,100
20,26,0.029857366715613554,0.029857366715613554,0.013219980075211921,0.0021599718191781785,45,26,100
20,27,0.029992062473617177,0.029992062473617177,0.014492276674544972,8.355749621560718e-05,41,27,100
20,28,0.03304866059972916,0.03304866059972916,0.015892652170320102,1.516317955056897e-05,37,28,100
20,29,0.03304866059972916,0.03304866059972916,0.01687272803756178,1.516317955056897e-05,36,28,100
20,30,0.03493743813229703,0.03493743813229703,0.016501123678566668,1.516317955056897e-05,35,30,100
20,31,0.03493743813229703,0.03493743813229703,0.017548762290569585,0.0001385458349218245,39,30,100
20,32,0.03493743813229703,0.03493743813229703,0.01854908835599571,0.004181483132917619,41,30,100
20,33,0.03493743813229703,0.03493743813229703,0.018346222463536857,4.085324384517483e-06,38,30,100
20,34,0.03493743813229703,0.03493743813229703,0.021283682348602957,0.00427946052745585,38,30,100
20,35,0.03493743813229703,0.03493743813229703,0.02352631993590607,0.00427946052745585,34,30,100
21,0,0.0012696890275414319,0.0012696890275414319,5.1684454791298996e-05,2.9169237351552714e-09,100,0,0
21,1,0.0024607944726430016,0.0024607944726430016,6.316211310740719e-05,2.9169237351552714e-09,74,1,100
21,2,0.0024607944726430016,0.0024607944726430016,0.00012238488238985429,2.9169237351552714e-09,61,1,100
21,3,0.002757982513627185,0.002757982513627185,0.00016909650566978066,2.9169237351552714e-09,67,3,100
21,4,0.0028310292452042654,0.0028310292452042654,0.00016852319261539218,1.0812001524099447e-08,69,4,100
21,5,0.0031894746189682494,0.0031894746189682494,0.0003060410371802376,1.0812001524099447e-08,62,5,100
21,6,0.0031894746189682494,0.0031894746189682494,0.00058412720680135,1.0812001524099447e-08,54,5,100
21,7,0.0033005362603591056,0.0033005362603591056,0.0007838856294887285,6.95627343466826e-08,54,7,100
21,8,0.005056537144318692,0.005056537144318692,0.0009544577693559992,8.675134650749944e-08,61,8,100
21,9,0.005475552114949767,0.005475552114949767,0.001456327558628199,1.190591189088782e-07,61,9,100
21,10,0.009096930761610802,0.009096930761610802,0.001665210176756303,1.190591189088782e-07,55,10,100
21,11,0.009096930761610802,0.009096930761610802,0.0023520557584226233,1.190591189088782e-07,51,10,100
21,12,0.00915645329883085,0.00915645329883085,0.0026673917828835374,1.190591189088782e-07,60,12,100
21,13,0.013045756119784573,0.013045756119784573,0.0032113001819795988,1.822730464511634e-07,55,13,100
21,14,0.013045756119784573,0.013045756119784573,0.0037964016916243208,1.822730464511634e-07,58,13,100
21,15,0.014005819940807442,0.014005819940807442,0.0041963818781680685,1.822730464511634e-07,59,15,100
21,16,0.014894958734529458,0.014894958734529458,0.004581151710953104,1.7416940657869872e-05,53,16,100
21,17,0.016801441850256636,0.016801441850256636,0.00483190246934495,1.7416940657869872e-05,58,17,100
21,18,0.018732483052287183,0.018732483052287183,0.005558616370662002,0.00015814533966550747,52,18,100
21,19,0.018732483052287183,0.018732483052287183,0.006738781531610687,0.00015814533966550747,53,18,100
21,20,0.021207020500177677,0.021207020500177677,0.007413805860341865,2.4616296404050158e-05,51,20,100
21,21,0.02167006238708051,0.02167006238708051,0.009357309468729653,9.119560823289761e-05,45,21,100
21,22,0.02167006238708051,0.02167006238708051,0.010819417922346333,9.200945907454394e-06,43,21,100
21,23,0.023577276189218434,0.023577276189218434,0.011643577206757958,9.200945907454394e-06,42,23,100
21,24,0.027068592967106685,0.027068592967106685,0.012196953487384275,9.200945907454394e-06,43,24,100
21,25,0.027068592967106685,0.027068592967106685,0.013012450210424022,0.0025768464720040095,44,24,100
21,26,0.027068592967106685,0.027068592967106685,0.013946948177430661,0.003045483888728242,48,24,100
21,27,0.02853056469722386,0.02853056469722386,0.015931333514693412,8.50990101388142e-05,40,27,100
21,28,0.02853056469722386,0.02853056469722386,0.016698634650920717,8.50990101388142e-05,38,27,100
21,29,0.03004925852476719,0.03004925852476719,0.017120821110465444,8.69578883853003e-06,36,29,100
21,30,0.030334104158101446,0.030334104158101446,0.018637963614793196,8.69578883853003e-06,39,30,100
21,31,0.030334104158101446,0.030334104158101446,0.019857090008830177,0.0007348189665178076,39,30,100
21,32,0.030334104158101446,0.030334104158101446,0.021571879869519424,0.0003355668885896912,33,30,100
21,33,0.030334104158101446,0.030334104158101446,0.022264170118047325,0.00021359533744980965,34,30,100
21,34,0.030334104158101446,0.030334104158101446,0.023215277283784506,0.004755192764088329,40,30,100
21,35,0.030334104158101446,0.030334104158101446,0.024664766284044765,4.3091985597068136e-05,34,30,100
22,0,0.0010322907120861556,0.0010322907120861556,5.587923512896057e-05,2.162437491709905e-09,100,0,0
22,1,0.009253933400215096,0.009253933400215096,0.00018946467507392146,2.162437491709905e-09,77,1,100
22,2,0.009253933400215096,0.009253933400215096,0.0004477263088503637,8.78978556161228e-09,65,1,100
22,3,0.011385263498983066,0.011385263498983066,0.0006911097545628104,1.5570111919879957e-08,55,3,100
22,4,0.011932472483786781,0.011932472483786781,0.0005975232351140934,1.5570111919879957e-08,57,4,100
22,5,0.013736849665228198,0.013736849665228198,0.0008001945413929181,1.5570111919879957e-08,63,5,100
22,6,0.013736849665228198,0.013736849665228198,0.0005719980693246243,1.5570111919879957e-08,56,5,100
22,7,0.013736849665228198,0.013736849665228198,0.0007340628294602437,1.5570111919879957e-08,56,5,100
22,8,0.013736849665228198,0.013736849665228198,0.0012528429437975294,6.933381940732371e-07,54,5,100
22,9,0.013736849665228198,0.013736849665228198,0.0014654345099338667,6.933381940732371e-07,51,5,100
22,10,0.0253390317713971,0.0253390317713971,0.0020831069569096994,6.933381940732371e-07,51,10,100
22,11,0.0253390317713971,0.0253390317713971,0.002773740247654035,6.933381940732371e-07,46,10,100
22,12,0.0253390317713971,0.0253390317713971,0.004088487829584233,6.933381940732371e-07,51,10,100
22,13,0.0253390317713971,0.0253390317713971,0.005157418602455641,6.933381940732371e-07,50,10,100
22,14,0.025482225281639695,0.025482225281639695,0.006050991578433188,6.933381940732371e-07,46,14,100
22,15,0.025482225281639695,0.025482225281639695,0.007236843731546967,6.933381940732371e-07,45,14,100
22,16,0.025603511262532998,0.025603511262532998,0.009133222956069532,6.933381940732371e-07,47,16,100
22,17,0.025603511262532998,0.025603511262532998,0.010714679803879381,6.933381940732371e-07,45,16,100
22,18,0.03285759838834564,0.03285759838834564,0.01128416956511346,6.933381940732371e-07,43,18,100
22,19,0.03344670365586982,0.03344670365586982,0.014314799150945556,6.933381940732371e-07,40,19,100
22,20,0.03344670365586982,0.03344670365586982,0.015233838594626004,3.8951449330984814e-05,40,19,100
22,21,0.03520254952235356,0.03520254952235356,0.017637602820610766,4.423461161248601e-05,39,21,100
22,22,0.03520254952235356,0.03520254952235356,0.021156609803423168,0.0003766401293829255,32,21,100
22,23,0.03520254952235356,0.03520254952235356,0.021145901551076967,0.00014451031036751493,34,21,100
22,24,0.03520254952235356,0.03520254952235356,0.021579172370329833,7.404070775741996e-06,36,21,100
22,25,0.03520254952235356,0.03520254952235356,0.021767258232928955,7.404070775741996e-06,42,21,100
22,26,0.03526957974192699,0.03526957974192699,0.023471330308887192,7.037210280468962e-06,39,26,100
22,27,0.03526957974192699,0.03526957974192699,0.025991069881416688,0.0001888558760830888,38,26,100
22,28,0.03526957974192699,0.03526957974192699,0.0275780692646491,0.0001888558760830888,33,26,100
22,29,0.03526957974192699,0.03526957974192699,0.028423283512637374,0.0001888558760830888,35,26,100
22,30,0.03526957974192699,0.03526957974192699,0.03010381564937026,0.008900998941609818,28,26,100
22,31,0.03746559129188667,0.03746559129188667,0.029553188462640403,0.008900998941609818,31,31,100
22,32,0.03746559129188667,0.03746559129188667,0.029399411856052056,0.0002328252355957149,30,31,100
22,33,0.03746559129188667,0.03746559129188667,0.03079199159022964,0.0013058065512748058,25,31,100
22,34,0.03746559129188667,0.03746559129188667,0.030880930933291962,0.00042014928078641265,26,31,100
22,35,0.03746559129188667,0.03746559129188667,0.03033272052912545,0.00042014928078641265,27,31,100
23,0,0.0011720385169559705,0.0011720385169559705,5.529859095139301e-05,2.7931881585387706e-10,100,0,0
23,1,0.0011720385169559705,0.0011720385169559705,7.383414041871216e-05,9.992935629472209e-10,75,0,100
23,2,0.0011720385169559705,0.0011720385169559705,7.418554520540253e-05,9.992935629472209e-10,58,0,100
23,3,0.0011720385169559705,0.0011720385169559705,0.00010928787251734237,9.992935629472209e-10,63,0,100
23,4,0.0011720385169559705,0.0011720385169559705,0.0001491969528731238,9.992935629472209e-10,62,0,100
23,5,0.001217955133902454,0.001217955133902454,0.00018440725791793878,9.992935629472209e-10,57,5,100
23,6,0.0014220360399323272,0.0014220360399323272,0.00026237827915659336,1.68598608082908e-07,64,6,100
23,7,0.003529125987576872,0.003529125987576872,0.00039440455221090076,2.062828713263087e-07,54,7,100
23,8,0.003529125987576872,0.003529125987576872,0.0005083178953666606,6.140699830348823e-08,64,7,100
23,9,0.0052065958460684805,0.0052065958460684805,0.0005423785227859172,6.140699830348823e-08,55,9,100
23,10,0.0052065958460684805,0.0052065958460684805,0.0006735866780451609,2.9183036578746645e-06,62,9,100
23,11,0.0052065958460684805,0.0052065958460684805,0.000984494512433129,2.9183036578746645e-06,53,9,100
23,12,0.005288336178437825,0.005288336178437825,0.0015709701952534847,2.9183036578746645e-06,49,12,100
23,13,0.005288336178437825,0.005288336178437825,0.00169971599394731,9.727666487950858e-06,41,12,100
23,14,0.005288336178437825,0.005288336178437825,0.0015929999876783995,2.4340698429139475e-06,41,12,100
23,15,0.005288336178437825,0.005288336178437825,0.0019732119494831127,9.727666487950858e-06,44,12,100
23,16,0.007882116466331673,0.007882116466331673,0.002565325248186157,9.727666487950858e-06,45,16,100
23,17,0.007882116466331673,0.007882116466331673,0.00303066317862805,5.2729519133810215e-05,46,16,100
23,18,0.011995763632313111,0.011995763632313111,0.00347202679550815,5.2729519133810215e-05,49,18,100
23,19,0.011995763632313111,0.011995763632313111,0.0042776436313455655,8.373917241140134e-05,42,18,100
23,20,0.011995763632313111,0.011995763632313111,0.004806515238459697,0.0006536263812827129,40,18,100
23,21,0.017260683887909325,0.017260683887909325,0.0050188564658495294,0.0006536263812827129,39,21,100
23,22,0.017260683887909325,0.017260683887909325,0.00552625183559107,0.0007236210598688961,43,21,100
23,23,0.017260683887909325,0.017260683887909325,0.00631516555536067,2.0363786011985934e-05,41,21,100
23,24,0.02633393628812218,0.02633393628812218,0.006768274207284196,4.9406379966120465e-06,36,24,100
23,25,0.02633393628812218,0.02633393628812218,0.0072201328104067345,4.9406379966120465e-06,41,24,100
23,26,0.02633393628812218,0.02633393628812218,0.008567102526583588,3.6391186665116047e-06,39,24,100
23,27,0.02633393628812218,0.02633393628812218,0.008408901656404556,3.6391186665116047e-06,37,24,100
23,28,0.02633393628812218,0.02633393628812218,0.00929730668704485,2.0606053046945253e-05,39,24,100
23,29,0.02633393628812218,0.02633393628812218,0.00884116924336171,6.799551707909509e-05,45,24,100
23,30,0.02633393628812218,0.02633393628812218,0.009973660666012785,3.936213400926566e-06,38,24,100
23,31,0.02633393628812218,0.02633393628812218,0.010530782459055364,1.886837152380183e-05,37,24,100
23,32,0.02633393628812218,0.02633393628812218,0.013480187247427014,6.799551707909509e-05,33,24,100
23,33,0.029903657005869756,0.029903657005869756,0.013957366835932817,2.3685945996732352e-05,36,33,100
23,34,0.029903657005869756,0.029903657005869756,0.015217190711148234,0.00038099771016851525,36,33,100
23,35,0.029903657005869756,0.029903657005869756,0.015149755158270675,2.150948746175408e-05,36,33,100
24,0,0.0012688685965767136,0.0012688685965767136,3.5363862931600207e-05,7.330291475905511e-10,100,0,0
24,1,0.0012688685965767136,0.0012688685965767136,5.521440367219168e-05,2.7554157667452854e-08,76,0,100
24,2,0.0012688685965767136,0.0012688685965767136,7.320282637153355e-05,2.7554157667452854e-08,70,0,100
24,3,0.0012688685965767136,0.0012688685965767136,0.000112572235004288,3.326097885879873e-08,63,0,100
24,4,0.0015948165586474692,0.0015948165586474692,0.0002591375372460353,1.9005354442661633e-08,66,4,100
24,5,0.0031083891502780934,0.0031083891502780934,0.00034826531384084063,1.9005354442661633e-08,54,5,100
24,6,0.0031083891502780934,0.0031083891502780934,0.00047192005994559495,1.9005354442661633e-08,57,5,100
24,7,0.0031083891502780934,0.0031083891502780934,0.0006172967589256319,1.9005354442661633e-08,50,5,100
24,8,0.0031083891502780934,0.0031083891502780934,0.0006916497522070471,1.9005354442661633e-08,54,5,100
24,9,0.0031083891502780934,0.0031083891502780934,0.0007503590023946989,3.068786892600401e-06,57,5,100
24,10,0.0031083891502780934,0.0031083891502780934,0.0008530505064120507,4.5210172009965064e-06,58,5,100
24,11,0.003961234777263222,0.003961234777263222,0.0008364773109184524,1.2927816595247971e-05,63,11,100
24,12,0.003961234777263222,0.003961234777263222,0.0010071355894336657,4.350431567994202e-06,64,11,100
24,13,0.003961234777263222,0.003961234777263222,0.0010958485852912668,4.0844367953105814e-05,59,11,100
24,14,0.003961234777263222,0.003961234777263222,0.0013215995360618294,6.829926932898857e-06,55,11,100
24,15,0.003961234777263222,0.003961234777263222,0.0014281084638465428,6.829926932898857e-06,46,11,100
24,16,0.003961234777263222,0.003961234777263222,0.0017618085896481065,3.5821531380168825e-06,35,11,100
24,17,0.003961234777263222,0.003961234777263222,0.0019365082360108406,3.5821531380168825e-06,30,11,100
24,18,0.003961234777263222,0.003961234777263222,0.002213745217796558,3.562779193010418e-06,31,11,100
24,19,0.004640077418854957,0.004640077418854957,0.002695136877873291,3.5821531380168825e-06,29,19,100
24,20,0.004640077418854957,0.004640077418854957,0.002774280118193606,3.5821531380168825e-06,23,19,100
24,21,0.0046478131808353335,0.0046478131808353335,0.002929893198958038,0.0006395529143563162,23,21,100
24,22,0.0073444198464250494,0.0073444198464250494,0.0031539940266684815,6.468887156126947e-05,27,22,100
24,23,0.007885215975231858,0.007885215975231858,0.0032591206586487812,6.437687334907751e-05,26,23,100
24,24,0.007885215975231858,0.007885215975231858,0.0035040741468677834,2.223243503608356e-05,28,23,100
24,25,0.008402067435779356,0.008402067435779356,0.004016581974544406,2.223243503608356e-05,26,25,100
24,26,0.008402067435779356,0.008402067435779356,0.0041884434583715205,1.2866188755161778e-05,22,25,100
24,27,0.011099717636068512,0.011099717636068512,0.004410060772730676,1.391574449955801e-05,21,27,100
24,28,0.011099717636068512,0.011099717636068512,0.0046577661106163406,2.223243503608356e-05,19,27,100
24,29,0.011099717636068512,0.011099717636068512,0.004945013803215856,2.223243503608356e-05,21,27,100
24,30,0.011099717636068512,0.011099717636068512,0.0055004569917385384,0.00019581755865141163,22,27,100
24,31,0.011099717636068512,0.011099717636068512,0.005748968168478487,0.00023019392082104014,21,27,100
24,32,0.011099717636068512,0.011099717636068512,0.005776096042787093,0.00023019392082104014,23,27,100
24,33,0.011099717636068512,0.011099717636068512,0.006105013557208034,0.00023019392082104014,19,27,100
24,34,0.015326429988171738,0.015326429988171738,0.006386300646027405,3.2474197193663634e-05,18,34,100
24,35,0.017208073506448283,0.017208073506448283,0.006705503614479194,0.0021755013807105913,15,35,100
25,0,0.0030665958082239046,0.0030665958082239046,8.36192668899497e-05,3.9005746015017097e-10,100,0,0
25,1,0.0030665958082239046,0.0030665958082239046,0.00010143552145128385,6.078184352774726e-10,73,0,100
25,2,0.0030665958082239046,0.0030665958082239046,0.0001987864297664698,6.078184352774726e-10,63,0,100
25,3,0.0030665958082239046,0.0030665958082239046,0.00022768375998095461,6.078184352774726e-10,66,0,100
25,4,0.0030665958082239046,0.0030665958082239046,0.00022960028763574383,6.078184352774726e-10,68,0,100
25,5,0.0030665958082239046,0.0030665958082239046,0.0003199918365184031,6.078184352774726e-10,63,0,100
25,6,0.0030665958082239046,0.0030665958082239046,0.00036803501914478397,6.078184352774726e-10,57,0,100
25,7,0.0055049530837655986,0.0055049530837655986,0.0005798060447430954,3.625947216136896e-09,61,7,100
25,8,0.007325951129482127,0.007325951129482127,0.0007880751590598472,6.856056153355434e-06,65,8,100
25,9,0.007325951129482127,0.007325951129482127,0.000827802614648857,6.856056153355434e-06,62,8,100
25,10,0.007325951129482127,0.007325951129482127,0.0013163017103203617,5.655958196001831e-06,58,8,100
25,11,0.00960906573924563,0.00960906573924563,0.0018173191644065738,6.856056153355434e-06,50,11,100
25,12,0.00960906573924563,0.00960906573924563,0.0020342250648309307,6.856056153355434e-06,47,11,100
25,13,0.00960906573924563,0.00960906573924563,0.0023149483878094723,2.92967055796614e-06,45,11,100
25,14,0.01414380901944537,0.01414380901944537,0.0028231960173185936,1.660081881175486e-06,48,14,100
25,15,0.01414380901944537,0.01414380901944537,0.0036167491138409903,1.3134142025889164e-05,42,14,100
25,16,0.01414380901944537,0.01414380901944537,0.004439480022015799,1.5805799969177464e-05,41,14,100
25,17,0.01414380901944537,0.01414380901944537,0.005197182415955858,1.5805799969177464e-05,43,14,100
25,18,0.01593120453364814,0.01593120453364814,0.005858113232114643,1.5805799969177464e-05,37,18,100
25,19,0.02349397856573963,0.02349397856573963,0.005873867590461653,3.785178681159991e-05,36,19,100
25,20,0.028516148352066856,0.028516148352066856,0.007572687698633396,9.33619188227807e-05,39,20,100
25,21,0.028516148352066856,0.028516148352066856,0.008080957701356856,9.33619188227807e-05,40,20,100
25,22,0.028516148352066856,0.028516148352066856,0.008784564775394544,9.33619188227807e-05,40,20,100
25,23,0.028516148352066856,0.028516148352066856,0.009898767878607821,0.00031934341486818205,38,20,100
25,24,0.028516148352066856,0.028516148352066856,0.010794474592720017,0.0008064592437713137,39,20,100
25,25,0.028516148352066856,0.028516148352066856,0.012557671916750255,0.00011141183251363925,30,20,100
25,26,0.028516148352066856,0.028516148352066856,0.012548110184969213,0.0016686265973830591,35,20,100
25,27,0.0306074598639046,0.0306074598639046,0.01447004967305209,0.0016686265973830591,37,27,100
25,28,0.0306074598639046,0.0306074598639046,0.01532932946156661,0.0024679370669305426,32,27,100
25,29,0.03157406361664387,0.03157406361664387,0.017226195253948588,0.0024679370669305426,34,29,100
25,30,0.03157406361664387,0.03157406361664387,0.018620966438383325,8.180846602629627e-05,37,29,100
25,31,0.03157406361664387,0.03157406361664387,0.018507476614420072,8.180846602629627e-05,35,29,100
25,32,0.03157406361664387,0.03157406361664387,0.019812106210210317,8.180846602629627e-05,40,29,100
25,33,0.0337889956902097,0.0337889956902097,0.02222771366520888,1.7348839621942384e-07,32,33,100
25,34,0.0337889956902097,0.0337889956902097,0.022757676891184225,1.7348839621942384e-07,35,33,100
25,35,0.034018340152152424,0.034018340152152424,0.02504708607096889,0.007333398357882211,27,35,100
26,0,0.0017751167742945714,0.0017751167742945714,4.216434978722438e-05,7.653980964371016e-11,100,0,0
26,1,0.0017751167742945714,0.0017751167742945714,7.165394237119012e-05,7.653980964371016e-11,70,0,100
26,2,0.0028072573494558814,0.0028072573494558814,0.0001574511027387495,2.2677433491641316e-09,73,2,100
26,3,0.0028072573494558814,0.0028072573494558814,0.0002954812463438305,6.177580005573347e-09,68,2,100
26,4,0.004025092999172225,0.004025092999172225,0.0003586297697424888,5.283717794686141e-09,66,4,100
26,5,0.005047823545208947,0.005047823545208947,0.0005359838985102821,5.283717794686141e-09,54,5,100
26,6,0.005193565929337375,0.005193565929337375,0.000542068250459828,5.283717794686141e-09,60,6,100
26,7,0.007026840890113961,0.007026840890113961,0.000673950801331297,2.253215105094822e-06,61,7,100
26,8,0.007026840890113961,0.007026840890113961,0.0007019392349574976,9.960126748851675e-07,58,7,100
26,9,0.0071120410868360864,0.0071120410868360864,0.0011137761886980003,2.623905972037176e-06,52,9,100
26,10,0.007644073616954027,0.007644073616954027,0.0011819865655603977,9.506985260314307e-06,60,10,100
26,11,0.012692287715751358,0.012692287715751358,0.0016542344959876124,1.258947276538581e-05,51,11,100
26,12,0.012692287715751358,0.012692287715751358,0.0021176946869818653,1.258947276538581e-05,48,11,100
26,13,0.012692287715751358,0.012692287715751358,0.0023862774278858813,1.3018321525155299e-05,51,11,100
26,14,0.012692287715751358,0.012692287715751358,0.0025097435150188054,1.3018321525155299e-05,47,11,100
26,15,0.012692287715751358,0.012692287715751358,0.0030013176395088394,1.3018321525155299e-05,49,11,100
26,16,0.018289223401569174,0.018289223401569174,0.003068231059579763,3.7500097410991047e-06,50,16,100
26,17,0.018289223401569174,0.018289223401569174,0.003362221117673434,1.3018321525155299e-05,40,16,100
26,18,0.020508081734065972,0.020508081734065972,0.004241432461035502,9.520674845808709e-05,44,18,100
26,19,0.020508081734065972,0.020508081734065972,0.004922610783758966,0.00024663695616652416,41,18,100
26,20,0.020934051159195652,0.020934051159195652,0.00650065406714874,0.00024663695616652416,39,20,100
26,21,0.020934051159195652,0.020934051159195652,0.006300977900768212,1.6221225262809863e-05,33,20,100
26,22,0.020934051159195652,0.020934051159195652,0.006677306417006204,0.00024663695616652416,33,20,100
26,23,0.022934108142765,0.022934108142765,0.007280566044652226,0.00012363058314007053,27,23,100
26,24,0.022934108142765,0.022934108142765,0.007468993751656675,0.00024663695616652416,32,23,100
26,25,0.022934108142765,0.022934108142765,0.008181017449622857,0.00024663695616652416,30,23,100
26,26,0.022934108142765,0.022934108142765,0.008217151438713783,0.00024663695616652416,32,23,100
26,27,0.022934108142765,0.022934108142765,0.008609962864213998,0.00052644165206877,31,23,100
26,28,0.022934108142765,0.022934108142765,0.009630256659651289,0.00052644165206877,31,23,100
26,29,0.023033934150935235,0.023033934150935235,0.010390332557072349,0.00052644165206877,32,29,100
26,30,0.023973989772140037,0.023973989772140037,0.012476993821169666,0.0003828243469848605,29,30,100
26,31,0.024623321778860056,0.024623321778860056,0.013417717153951101,5.9100055418291565e-05,33,31,100
26,32,0.02838656257373011,0.02838656257373011,0.013486433323528845,0.0030370722129408004,35,32,100
26,33,0.02838656257373011,0.02838656257373011,0.013800203845578046,0.0030370722129408004,36,32,100
26,34,0.02838656257373011,0.02838656257373011,0.01579654817468327,0.0023556134916779947,34,32,100
26,35,0.02838656257373011,0.02838656257373011,0.01694022295840499,0.002776790154007577,32,32,100
27,0,0.0013224503805359276,0.0013224503805359276,4.63137495642091e-05,8.868769130344081e-13,100,0,0
27,1,0.0013224503805359276,0.0013224503805359276,9.958794555532557e-05,6.589311670287608e-09,72,0,100
27,2,0.001464689553507566,0.001464689553507566,0.00012378876978390454,6.589311670287608e-09,67,2,100
27,3,0.002345155814755251,0.002345155814755251,0.00019286629266617225,1.144389692334278e-08,59,3,100
27,4,0.003432127460238788,0.003432127460238788,0.0002647877746990168,1.144389692334278e-08,64,4,100
27,5,0.003684597564296942,0.003684597564296942,0.00027567228594206346,1.144389692334278e-08,58,5,100
27,6,0.003684597564296942,0.003684597564296942,0.00030776108600966145,1.144389692334278e-08,60,5,100
27,7,0.004428773400070904,0.004428773400070904,0.000496420683506347,1.144389692334278e-08,53,7,100
27,8,0.004428773400070904,0.004428773400070904,0.0006817828937611735,7.123170249497118e-08,65,7,100
27,9,0.0052525740548204775,0.0052525740548204775,0.001029052111211706,1.6426215305383624e-07,51,9,100
27,10,0.0052525740548204775,0.0052525740548204775,0.0011674413137776213,3.0140519789355756e-06,48,9,100
27,11,0.0059905458315702535,0.0059905458315702535,0.0011505261057056916,3.0140519789355756e-06,51,11,100
27,12,0.011096819038031964,0.011096819038031964,0.0017239534784770625,1.120136387828196e-05,52,12,100
27,13,0.012889317387085205,0.012889317387085205,0.002245594863051445,1.71970229675014e-05,55,13,100
27,14,0.019639986090538488,0.019639986090538488,0.0038379471734853216,3.122548646734347e-05,54,14,100
27,15,0.025256319003266164,0.025256319003266164,0.005082285387272758,6.139687833489686e-06,44,15,100
27,16,0.025256319003266164,0.025256319003266164,0.006830481418145469,3.5859624211146256e-06,44,15,100
27,17,0.025256319003266164,0.025256319003266164,0.007929393604232225,2.1523159045849533e-05,37,15,100
27,18,0.030248046667721823,0.030248046667721823,0.009034423264753231,2.1523159045849533e-05,32,18,100
27,19,0.030248046667721823,0.030248046667721823,0.008595938052600088,1.4559282026252165e-06,36,18,100
27,20,0.030248046667721823,0.030248046667721823,0.0100283511518711,2.1523159045849533e-05,33,18,100
27,21,0.030248046667721823,0.030248046667721823,0.010794553557687285,2.1523159045849533e-05,32,18,100
27,22,0.030248046667721823,0.030248046667721823,0.011523662967827369,0.0010853763313813033,26,18,100
27,23,0.030248046667721823,0.030248046667721823,0.013221951720899582,4.18374319137195e-05,25,18,100
27,24,0.03633098905360828,0.03633098905360828,0.015727856720278464,4.18374319137195e-05,26,24,100
27,25,0.039716631537516985,0.039716631537516985,0.016578890754169965,4.18374319137195e-05,28,25,100
27,26,0.039716631537516985,0.039716631537516985,0.0180123863509122,4.18374319137195e-05,36,25,100
27,27,0.039716631537516985,0.039716631537516985,0.019760965498152403,0.003667736389570438,38,25,100
27,28,0.039716631537516985,0.039716631537516985,0.022904556827897188,5.021668208604797e-05,35,25,100
27,29,0.039716631537516985,0.039716631537516985,0.024317198630071042,5.021668208604797e-05,32,25,100
27,30,0.039716631537516985,0.039716631537516985,0.023314617411459744,2.2098990808387962e-06,34,25,100
27,31,0.039716631537516985,0.039716631537516985,0.02460056255180792,1.5111950865019282e-08,35,25,100
27,32,0.039716631537516985,0.039716631537516985,0.026201213672679562,1.5111950865019282e-08,36,25,100
27,33,0.039716631537516985,0.039716631537516985,0.026907195582246763,1.5111950865019282e-08,34,25,100
27,34,0.039716631537516985,0.039716631537516985,0.02844433109157455,0.0007360428311144846,31,25,100
27,35,0.039716631537516985,0.039716631537516985,0.029935557051418503,0.0006388515811909853,28,25,100
28,0,0.0013758032482610524,0.0013758032482610524,4.237557652261723e-05,3.963422903307142e-10,100,0,0
28,1,0.0013758032482610524,0.0013758032482610524,5.324414184835958e-05,9.881764728289502e-10,79,0,100
28,2,0.0013758032482610524,0.0013758032482610524,0.00010615003313822638,8.903559360032307e-09,62,0,100
28,3,0.0013897178737530833,0.0013897178737530833,0.000127315670969916,4.317725488649397e-09,58,3,100
28,4,0.001558197871142102,0.001558197871142102,0.00014169093187148965,4.317725488649397e-09,56,4,100
28,5,0.0029611449407785893,0.0029611449407785893,0.0001472431878851736,4.317725488649397e-09,63,5,100
28,6,0.0029611449407785893,0.0029611449407785893,0.00021266502111985677,1.3134531824568983e-08,61,5,100
28,7,0.0029611449407785893,0.0029611449407785893,0.00019883954158031244,2.812818646034284e-07,64,5,100
28,8,0.0029611449407785893,0.0029611449407785893,0.0002254149946640315,3.974946069509183e-08,59,5,100
28,9,0.0029611449407785893,0.0029611449407785893,0.00027740674228003784,7.816825036270951e-07,54,5,100
28,10,0.0029611449407785893,0.0029611449407785893,0.00035377509438253414,7.816825036270951e-07,54,5,100
28,11,0.003581483555159557,0.003581483555159557,0.0003733087775655227,7.816825036270951e-07,58,11,100
28,12,0.003581483555159557,0.003581483555159557,0.000475824183898109,1.4753563936436061e-06,53,11,100
28,13,0.004921652344877025,0.004921652344877025,0.0004883133207322209,1.4753563936436061e-06,54,13,100
28,14,0.004921652344877025,0.004921652344877025,0.0007265008122840123,1.4753563936436061e-06,51,13,100
28,15,0.005751606126555956,0.005751606126555956,0.0008079143884363969,2.3806078926910603e-06,56,15,100
28,16,0.005751606126555956,0.005751606126555956,0.0009103686184642862,2.3806078926910603e-06,64,15,100
28,17,0.005751606126555956,0.005751606126555956,0.0008802339685674543,7.267335208559888e-08,54,15,100
28,18,0.005751606126555956,0.005751606126555956,0.0012279661236840797,0.00011630498378188822,45,15,100
28,19,0.009053519630783068,0.009053519630783068,0.0020352059699160247,0.00016422873552923625,42,19,100
28,20,0.014512458411837775,0.014512458411837775,0.0028668319507002367,6.124388853998453e-05,49,20,100
28,21,0.014512458411837775,0.014512458411837775,0.0036068120139623764,4.1932460734626995e-05,52,20,100
28,22,0.014512458411837775,0.014512458411837775,0.004573777448207745,2.27331249670817e-05,43,20,100
28,23,0.014512458411837775,0.014512458411837775,0.005637624097796912,0.00011606333157670166,43,20,100
28,24,0.014512458411837775,0.014512458411837775,0.006451485409814146,0.00011606333157670166,40,20,100
28,25,0.018675480332020346,0.018675480332020346,0.007482462172667482,0.00033066304005975556,47,25,100
28,26,0.018675480332020346,0.018675480332020346,0.009011735999212659,0.00033066304005975556,40,25,100
28,27,0.018675480332020346,0.018675480332020346,0.009293449365549515,0.0006559242275552459,47,25,100
28,28,0.018675480332020346,0.018675480332020346,0.009033562506415377,0.0006559242275552459,43,25,100
28,29,0.018675480332020346,0.018675480332020346,0.010293946702256817,7.128638869152639e-05,51,25,100
28,30,0.018675480332020346,0.018675480332020346,0.010513491762333953,0.0006669381802867904,45,25,100
28,31,0.018675480332020346,0.018675480332020346,0.011192414574013368,7.249024308318491e-05,39,25,100
28,32,0.018675480332020346,0.018675480332020346,0.011705359149132833,7.249024308318491e-05,43,25,100
28,33,0.018732410088734042,0.018732410088734042,0.01244424482176855,7.249024308318491e-05,45,33,100
28,34,0.021846647652442507,0.021846647652442507,0.012857885270430414,7.249024308318491e-05,42,34,100
28,35,0.021846647652442507,0.021846647652442507,0.013512870903240047,4.048213271534533e-06,40,34,100
29,0,0.0008589554015251523,0.0008589554015251523,3.191319322863249e-05,9.911680949690651e-14,100,0,0
29,1,0.0009074793183963693,0.0009074793183963693,7.099917243024765e-05,3.70167242156102e-11,72,1,100
29,2,0.00213677530420325,0.00213677530420325,0.00010545828260958763,7.544722200363638e-11,71,2,100
29,3,0.002452033008996095,0.002452033008996095,0.0002419588340265789,3.2582296536759176e-09,64,3,100
29,4,0.002452033008996095,0.002452033008996095,0.00036378619425799045,2.2431974093818994e-08,59,3,100
29,5,0.002718057866599696,0.002718057866599696,0.0004285080580919701,2.2431974093818994e-08,58,5,100
29,6,0.004592021632988993,0.004592021632988993,0.0005823320453510918,2.2431974093818994e-08,56,6,100
29,7,0.004841113941967973,0.004841113941967973,0.0007308270210076934,2.2431974093818994e-08,59,7,100
29,8,0.004841113941967973,0.004841113941967973,0.0011938225649153476,2.2431974093818994e-08,57,7,100
29,9,0.005666903785424976,0.005666903785424976,0.001405286537935319,2.2431974093818994e-08,60,9,100
29,10,0.007163485140456661,0.007163485140456661,0.001583986249245476,7.14637075360331e-07,58,10,100
29,11,0.007163485140456661,0.007163485140456661,0.002057524824204253,7.14637075360331e-07,55,10,100
29,12,0.00831788786989407,0.00831788786989407,0.0026359029154523687,9.975343699311982e-08,53,12,100
29,13,0.00869690713865949,0.00869690713865949,0.002793951312294717,7.14637075360331e-07,54,13,100
29,14,0.00869690713865949,0.00869690713865949,0.0033477843224879403,7.14637075360331e-07,54,13,100
29,15,0.015925051270356358,0.015925051270356358,0.0034980388837951427,7.14637075360331e-07,51,15,100
29,16,0.015925051270356358,0.015925051270356358,0.0037928421696678772,2.6604108571088313e-08,52,15,100
29,17,0.015925051270356358,0.015925051270356358,0.003935926860446632,2.6604108571088313e-08,51,15,100
29,18,0.015925051270356358,0.015925051270356358,0.0046616719630188565,9.17950214300841e-09,48,15,100
29,19,0.021687490130098373,0.021687490130098373,0.005271664253386159,4.262528981105044e-07,45,19,100
29,20,0.021687490130098373,0.021687490130098373,0.00585985407164337,4.262528981105044e-07,46,19,100
29,21,0.021687490130098373,0.021687490130098373,0.00588725232340343,1.8939983278215105e-05,43,19,100
29,22,0.021687490130098373,0.021687490130098373,0.006970444926949268,2.952022975059675e-05,39,19,100
29,23,0.021687490130098373,0.021687490130098373,0.008035505623831412,2.2751883966214516e-05,40,19,100
29,24,0.022322439856024594,0.022322439856024594,0.008914414645956317,0.00018721652415966492,36,24,100
29,25,0.022322439856024594,0.022322439856024594,0.009455370960094609,0.0010654272073895871,37,24,100
29,26,0.022322439856024594,0.022322439856024594,0.010825352271440767,0.0010654272073895871,35,24,100
29,27,0.022322439856024594,0.022322439856024594,0.011792969740153415,0.0010654272073895871,37,24,100
29,28,0.022322439856024594,0.022322439856024594,0.012761726735625107,0.0010654272073895871,32,24,100
29,29,0.022322439856024594,0.022322439856024594,0.013733756921976084,0.0015600251050502025,29,24,100
29,30,0.022322439856024594,0.022322439856024594,0.015156276134393893,1.6658552888463765e-07,24,24,100
29,31,0.022322439856024594,0.022322439856024594,0.0154579719912113,1.6658552888463765e-07,28,24,100
29,32,0.022322439856024594,0.022322439856024594,0.01538321525751768,1.8167096012552147e-06,26,24,100
29,33,0.022322439856024594,0.022322439856024594,0.016121534232903415,1.8167096012552147e-06,25,24,100
29,34,0.022322439856024594,0.022322439856024594,0.01763317607352054,1.8167096012552147e-06,19,24,100
29,35,0.028994206267113486,0.028994206267113486,0.018305115545053707,9.464576575534675e-06,22,35,100
