phase,index,structure,objective_value,accuracy,test_accuracy,term_size,n_params,train_seconds,diverged,epochs_completed,acquisition_seconds,acquisition_value,fallback_used,fallback_attempts,timestamp,n_repeats,accuracy_runs,accuracy_std,diverged_runs
pre_sample,0,"
Learner(
    model= (
        ((CNNrepository.Conv2d(in_channels=3, out_channels=64, input_size=(32, 32), output_size=(32, 32), kernel_size=(3, 3), stride=1, padding=1, bias=False), 3072, 65536)) ; ((CNNrepository.Sigmoid(), 65536, 65536)) ; ((CNNrepository.MaxPool2d(in_channels=256, input_size=(16, 16), output_size=(8, 8), kernel_size=(2, 2)), 65536, 16384)) ; ((CNNrepository.Conv2d(in_channels=256, out_channels=512, input_size=(8, 8), output_size=(8, 8), kernel_size=(3, 3), stride=1, padding=1, bias=False), 16384, 32768)) ; (edges(24576) || swap(3072, 2048, 1024) || (CNNrepository.MaxPool2d(in_channels=128, input_size=(4, 4), output_size=(2, 2), kernel_size=(2, 2)), 2048, 512) || swap(1024, 512, 512) || (CNNrepository.Tanh(), 1024, 1024) || edges(512) || (CNNrepository.Conv2d(in_channels=128, out_channels=512, input_size=(2, 2), output_size=(2, 2), kernel_size=(3, 3), stride=1, padding=1, bias=False), 512, 2048)) ; ((CNNrepository.MaxPool2d(in_channels=128, input_size=(16, 16), output_size=(8, 8), kernel_size=(2, 2)), 32768, 8192)) ; ((CNNrepository.Conv2d(in_channels=128, out_channels=256, input_size=(8, 8), output_size=(8, 8), kernel_size=(3, 3), stride=1, padding=1, bias=False), 8192, 16384)) ; (swap(10240, 3072, 7168) || (CNNrepository.Conv2d(in_channels=128, out_channels=256, input_size=(4, 4), output_size=(4, 4), kernel_size=(3, 3), stride=1, padding=1, bias=False), 2048, 4096) || (CNNrepository.Conv2d(in_channels=256, out_channels=128, input_size=(4, 4), output_size=(4, 4), kernel_size=(3, 3), stride=1, padding=1, bias=False), 4096, 2048)) ; ((CNNrepository.MaxPool2d(in_channels=64, input_size=(16, 16), output_size=(8, 8), kernel_size=(2, 2)), 16384, 4096)) ; ((CNNrepository.Conv2d(in_channels=256, out_channels=512, input_size=(4, 4), output_size=(4, 4), kernel_size=(3, 3), stride=1, padding=1, bias=False), 4096, 8192)) ; ((CNNrepository.Conv2d(in_channels=128, out_channels=128, input_size=(8, 8), output_size=(8, 8), kernel_size=(3, 3), stride=1, padding=1, bias=False), 8192, 8192)) ; ((CNNrepository.Conv2d(in_channels=512, out_channels=128, input_size=(4, 4), output_size=(4, 4), kernel_size=(3, 3), stride=1, padding=1, bias=False), 8192, 2048)) ; ((CNNrepository.ReLu(inplace=False), 2048, 2048)) ; ((CNNrepository.Conv2d(in_channels=512, out_channels=128, input_size=(2, 2), output_size=(2, 2), kernel_size=(3, 3), stride=1, padding=1, bias=False), 2048, 512)) ; ((CNNrepository.Linear(in_features=512, out_features=10, bias=True), 512, 10))
        ), 
    loss= CNNrepository.CrossEntropyLoss(reduction='mean'), 
    optimizer= CNNrepository.SGD(learning_rate=0.1, momentum=0.9, dampening=0.0, weight_decay=0.0005, nesterov=False, maximize=False), 
    scheduler= CNNrepository.CosineAnnealingLR(eta_min=0.0), 
    epochs= 50
    )
",2.3027541637420654,0.09339999407529831,0.09999999403953552,583,5167818,996.428631067276,False,50,,,,,1785901770.2945983,3,0.09339999407529831 0.09339999407529831 0.09339999407529831,0.0,False False False
pre_sample,1,"
Learner(
    model= (
        ((CNNrepository.Conv2d(in_channels=3, out_channels=64, input_size=(32, 32), output_size=(32, 32), kernel_size=(3, 3), stride=1, padding=1, bias=False), 3072, 65536)) ; ((CNNrepository.Sigmoid(), 65536, 65536)) ; ((CNNrepository.MaxPool2d(in_channels=64, input_size=(32, 32), output_size=(16, 16), kernel_size=(2, 2)), 65536, 16384)) ; ((CNNrepository.Conv2d(in_channels=256, out_channels=512, input_size=(8, 8), output_size=(8, 8), kernel_size=(3, 3), stride=1, padding=1, bias=False), 16384, 32768)) ; (edges(12288) || (CNNrepository.Conv2d(in_channels=64, out_channels=64, input_size=(16, 16), output_size=(16, 16), kernel_size=(3, 3), stride=1, padding=1, bias=False), 16384, 16384) || edges(1024) || (CNNrepository.Linear(in_features=512, out_features=512, bias=False), 512, 512) || swap(2560, 2048, 512)) ; ((CNNrepository.MaxPool2d(in_channels=512, input_size=(8, 8), output_size=(4, 4), kernel_size=(2, 2)), 32768, 8192)) ; ((CNNrepository.Conv2d(in_channels=128, out_channels=256, input_size=(8, 8), output_size=(8, 8), kernel_size=(3, 3), stride=1, padding=1, bias=False), 8192, 16384)) ; (swap(16384, 12288, 4096)) ; ((CNNrepository.MaxPool2d(in_channels=64, input_size=(16, 16), output_size=(8, 8), kernel_size=(2, 2)), 16384, 4096)) ; ((CNNrepository.Conv2d(in_channels=64, out_channels=128, input_size=(8, 8), output_size=(8, 8), kernel_size=(3, 3), stride=1, padding=1, bias=False), 4096, 8192)) ; ((CNNrepository.Conv2d(in_channels=128, out_channels=256, input_size=(4, 4), output_size=(4, 4), kernel_size=(3, 3), stride=1, padding=1, bias=False), 2048, 4096) || (CNNrepository.Conv2d(in_channels=256, out_channels=128, input_size=(4, 4), output_size=(4, 4), kernel_size=(3, 3), stride=1, padding=1, bias=False), 4096, 2048) || edges(2048)) ; ((CNNrepository.MaxPool2d(in_channels=512, input_size=(4, 4), output_size=(2, 2), kernel_size=(2, 2)), 8192, 2048)) ; (swap(1024, 512, 512) || edges(1024)) ; ((CNNrepository.Conv2d(in_channels=512, out_channels=128, input_size=(2, 2), output_size=(2, 2), kernel_size=(3, 3), stride=1, padding=1, bias=False), 2048, 512)) ; ((CNNrepository.Linear(in_features=512, out_features=10, bias=True), 512, 10))
        ), 
    loss= CNNrepository.CrossEntropyLoss(reduction='mean'), 
    optimizer= CNNrepository.SGD(learning_rate=0.1, momentum=0.9, dampening=0.0, weight_decay=0.0005, nesterov=False, maximize=False), 
    scheduler= CNNrepository.CosineAnnealingLR(eta_min=0.0), 
    epochs= 50
    )
",1.4971286455790203,0.4440666412313779,0.44503332177797955,576,3033802,911.4896800518036,False,50,,,,,1785901770.296663,3,0.642799973487854 0.5959999561309814 0.09339999407529831,0.3045864138088167,False False False
pre_sample,2,"
Learner(
    model= (
        ((CNNrepository.Conv2d(in_channels=3, out_channels=64, input_size=(32, 32), output_size=(32, 32), kernel_size=(3, 3), stride=1, padding=1, bias=False), 3072, 65536)) ; ((CNNrepository.Conv2d(in_channels=64, out_channels=64, input_size=(32, 32), output_size=(32, 32), kernel_size=(3, 3), stride=1, padding=1, bias=False), 65536, 65536)) ; ((CNNrepository.MaxPool2d(in_channels=64, input_size=(32, 32), output_size=(16, 16), kernel_size=(2, 2)), 65536, 16384)) ; ((CNNrepository.Conv2d(in_channels=64, out_channels=128, input_size=(16, 16), output_size=(16, 16), kernel_size=(3, 3), stride=1, padding=1, bias=False), 16384, 32768)) ; (edges(16384) || swap(5120, 4608, 512) || swap(8704, 8192, 512) || edges(512) || (CNNrepository.Sigmoid(), 1024, 1024) || edges(1024)) ; ((CNNrepository.MaxPool2d(in_channels=128, input_size=(16, 16), output_size=(8, 8), kernel_size=(2, 2)), 32768, 8192)) ; ((CNNrepository.Conv2d(in_channels=128, out_channels=256, input_size=(8, 8), output_size=(8, 8), kernel_size=(3, 3), stride=1, padding=1, bias=False), 8192, 16384)) ; (swap(12288, 1024, 11264) || edges(4096)) ; ((CNNrepository.MaxPool2d(in_channels=256, input_size=(8, 8), output_size=(4, 4), kernel_size=(2, 2)), 16384, 4096)) ; ((CNNrepository.Conv2d(in_channels=64, out_channels=128, input_size=(8, 8), output_size=(8, 8), kernel_size=(3, 3), stride=1, padding=1, bias=False), 4096, 8192)) ; (swap(3072, 2048, 1024) || edges(5120)) ; ((CNNrepository.MaxPool2d(in_channels=512, input_size=(4, 4), output_size=(2, 2), kernel_size=(2, 2)), 8192, 2048)) ; (edges(1024) || (CNNrepository.Tanh(), 512, 512) || edges(512)) ; ((CNNrepository.MaxPool2d(in_channels=128, input_size=(4, 4), output_size=(2, 2), kernel_size=(2, 2)), 2048, 512)) ; ((CNNrepository.Linear(in_features=512, out_features=10, bias=False), 512, 10))
        ), 
    loss= CNNrepository.CrossEntropyLoss(reduction='mean'), 
    optimizer= CNNrepository.Adam(learning_rate=0.1, betas=(0.9, 0.999), eps=1e-08, weight_decay=0.0005, amsgrad=False, maximize=False, capturable=False, differentiable=False, decoupled_weight_decay=False), 
    scheduler= CNNrepository.NoScheduler(), 
    epochs= 50
    )
",724552.53125,0.10453332960605621,0.1024999941388766,648,486080,792.7815396785736,False,50,,,,,1785901770.2986834,3,0.08899999409914017 0.09640000015497208 0.1281999945640564,0.020827224853116236,False False False
pre_sample,3,"
Learner(
    model= (
        ((CNNrepository.Conv2d(in_channels=3, out_channels=64, input_size=(32, 32), output_size=(32, 32), kernel_size=(3, 3), stride=1, padding=1, bias=False), 3072, 65536)) ; ((CNNrepository.ReLu(inplace=False), 65536, 65536)) ; ((CNNrepository.Conv2d(in_channels=256, out_channels=64, input_size=(16, 16), output_size=(16, 16), kernel_size=(3, 3), stride=1, padding=1, bias=False), 65536, 16384)) ; ((CNNrepository.Conv2d(in_channels=64, out_channels=128, input_size=(16, 16), output_size=(16, 16), kernel_size=(3, 3), stride=1, padding=1, bias=False), 16384, 32768)) ; ((CNNrepository.Tanh(), 16384, 16384) || (CNNrepository.Tanh(), 11264, 11264) || edges(5120)) ; ((CNNrepository.Conv2d(in_channels=512, out_channels=128, input_size=(8, 8), output_size=(8, 8), kernel_size=(3, 3), stride=1, padding=1, bias=False), 32768, 8192)) ; ((CNNrepository.Conv2d(in_channels=128, out_channels=256, input_size=(8, 8), output_size=(8, 8), kernel_size=(3, 3), stride=1, padding=1, bias=False), 8192, 16384)) ; (swap(4096, 2048, 2048) || edges(12288)) ; ((CNNrepository.Conv2d(in_channels=256, out_channels=64, input_size=(8, 8), output_size=(8, 8), kernel_size=(3, 3), stride=1, padding=1, bias=False), 16384, 4096)) ; ((CNNrepository.Conv2d(in_channels=64, out_channels=128, input_size=(8, 8), output_size=(8, 8), kernel_size=(3, 3), stride=1, padding=1, bias=False), 4096, 8192)) ; (edges(4608) || (CNNrepository.BatchNorm2d(in_channels=128, input_size=(2, 2)), 512, 512) || edges(3072)) ; ((CNNrepository.MaxPool2d(in_channels=128, input_size=(8, 8), output_size=(4, 4), kernel_size=(2, 2)), 8192, 2048)) ; (edges(1024) || (CNNrepository.Sigmoid(), 512, 512) || (CNNrepository.Tanh(), 512, 512)) ; ((CNNrepository.MaxPool2d(in_channels=512, input_size=(2, 2), output_size=(1, 1), kernel_size=(2, 2)), 2048, 512)) ; ((CNNrepository.Linear(in_features=512, out_features=10, bias=False), 512, 10))
        ), 
    loss= CNNrepository.CrossEntropyLoss(reduction='mean'), 
    optimizer= CNNrepository.SGD(learning_rate=0.1, momentum=0.9, dampening=0.0, weight_decay=0.0005, nesterov=False, maximize=False), 
    scheduler= CNNrepository.NoScheduler(), 
    epochs= 50
    )
",2906.6569010416665,0.10786666472752889,0.11173332730929057,565,1334208,881.4757080078125,False,50,,,,,1785901770.3006716,3,0.10339999943971634 0.12680000066757202 0.09339999407529831,0.017142153720754987,False False False
pre_sample,4,"
Learner(
    model= (
        ((CNNrepository.Conv2d(in_channels=3, out_channels=64, input_size=(32, 32), output_size=(32, 32), kernel_size=(3, 3), stride=1, padding=1, bias=False), 3072, 65536)) ; ((CNNrepository.BatchNorm2d(in_channels=64, input_size=(32, 32)), 65536, 65536)) ; ((CNNrepository.MaxPool2d(in_channels=64, input_size=(32, 32), output_size=(16, 16), kernel_size=(2, 2)), 65536, 16384)) ; ((CNNrepository.Conv2d(in_channels=64, out_channels=128, input_size=(16, 16), output_size=(16, 16), kernel_size=(3, 3), stride=1, padding=1, bias=False), 16384, 32768)) ; (swap(20480, 4096, 16384) || (CNNrepository.ReLu(inplace=False), 2048, 2048) || edges(10240)) ; ((CNNrepository.Conv2d(in_channels=512, out_channels=128, input_size=(8, 8), output_size=(8, 8), kernel_size=(3, 3), stride=1, padding=1, bias=False), 32768, 8192)) ; ((CNNrepository.Conv2d(in_channels=128, out_channels=256, input_size=(8, 8), output_size=(8, 8), kernel_size=(3, 3), stride=1, padding=1, bias=False), 8192, 16384)) ; (edges(6144) || swap(4096, 3584, 512) || (CNNrepository.Sigmoid(), 3072, 3072) || edges(2560) || (CNNrepository.Linear(in_features=512, out_features=512, bias=False), 512, 512)) ; ((CNNrepository.MaxPool2d(in_channels=64, input_size=(16, 16), output_size=(8, 8), kernel_size=(2, 2)), 16384, 4096)) ; ((CNNrepository.Conv2d(in_channels=64, out_channels=128, input_size=(8, 8), output_size=(8, 8), kernel_size=(3, 3), stride=1, padding=1, bias=False), 4096, 8192)) ; ((CNNrepository.Conv2d(in_channels=256, out_channels=128, input_size=(4, 4), output_size=(4, 4), kernel_size=(3, 3), stride=1, padding=1, bias=False), 4096, 2048) || (CNNrepository.Conv2d(in_channels=128, out_channels=256, input_size=(4, 4), output_size=(4, 4), kernel_size=(3, 3), stride=1, padding=1, bias=False), 2048, 4096) || edges(2048)) ; ((CNNrepository.Conv2d(in_channels=512, out_channels=128, input_size=(4, 4), output_size=(4, 4), kernel_size=(3, 3), stride=1, padding=1, bias=False), 8192, 2048)) ; ((CNNrepository.Tanh(), 1024, 1024) || edges(1024)) ; ((CNNrepository.Conv2d(in_channels=512, out_channels=128, input_size=(2, 2), output_size=(2, 2), kernel_size=(3, 3), stride=1, padding=1, bias=False), 2048, 512)) ; ((CNNrepository.Linear(in_features=512, out_features=10, bias=False), 512, 10))
        ), 
    loss= CNNrepository.CrossEntropyLoss(reduction='mean'), 
    optimizer= CNNrepository.Adam(learning_rate=0.1, betas=(0.9, 0.999), eps=1e-08, weight_decay=0.0005, amsgrad=False, maximize=False, capturable=False, differentiable=False, decoupled_weight_decay=False), 
    scheduler= CNNrepository.CosineAnnealingLR(eta_min=0.0), 
    epochs= 50
    )
",1.4605076313018799,0.47246665755907696,0.4676666557788849,616,3070784,884.6223084926605,False,50,,,,,1785901770.3026714,3,0.4731999933719635 0.47859999537467957 0.46559998393058777,0.006530957850688972,False False False
pre_sample,5,"
Learner(
    model= (
        ((CNNrepository.Conv2d(in_channels=3, out_channels=64, input_size=(32, 32), output_size=(32, 32), kernel_size=(3, 3), stride=1, padding=1, bias=False), 3072, 65536)) ; ((CNNrepository.BatchNorm2d(in_channels=256, input_size=(16, 16)), 65536, 65536)) ; ((CNNrepository.Conv2d(in_channels=256, out_channels=64, input_size=(16, 16), output_size=(16, 16), kernel_size=(3, 3), stride=1, padding=1, bias=False), 65536, 16384)) ; ((CNNrepository.Conv2d(in_channels=64, out_channels=128, input_size=(16, 16), output_size=(16, 16), kernel_size=(3, 3), stride=1, padding=1, bias=False), 16384, 32768)) ; (swap(16384, 5120, 11264) || (CNNrepository.ReLu(inplace=False), 5120, 5120) || swap(2560, 2048, 512) || edges(8704)) ; ((CNNrepository.MaxPool2d(in_channels=512, input_size=(8, 8), output_size=(4, 4), kernel_size=(2, 2)), 32768, 8192)) ; ((CNNrepository.Conv2d(in_channels=128, out_channels=256, input_size=(8, 8), output_size=(8, 8), kernel_size=(3, 3), stride=1, padding=1, bias=False), 8192, 16384)) ; (swap(12288, 5120, 7168) || swap(3584, 512, 3072) || (CNNrepository.Linear(in_features=512, out_features=512, bias=False), 512, 512)) ; ((CNNrepository.MaxPool2d(in_channels=256, input_size=(8, 8), output_size=(4, 4), kernel_size=(2, 2)), 16384, 4096)) ; ((CNNrepository.Conv2d(in_channels=256, out_channels=512, input_size=(4, 4), output_size=(4, 4), kernel_size=(3, 3), stride=1, padding=1, bias=False), 4096, 8192)) ; (edges(4608) || (CNNrepository.ReLu(inplace=False), 1024, 1024) || (CNNrepository.Conv2d(in_channels=128, out_channels=512, input_size=(2, 2), output_size=(2, 2), kernel_size=(3, 3), stride=1, padding=1, bias=False), 512, 2048) || (CNNrepository.MaxPool2d(in_channels=128, input_size=(4, 4), output_size=(2, 2), kernel_size=(2, 2)), 2048, 512)) ; ((CNNrepository.MaxPool2d(in_channels=128, input_size=(8, 8), output_size=(4, 4), kernel_size=(2, 2)), 8192, 2048)) ; (swap(1024, 512, 512) || (CNNrepository.ReLu(inplace=False), 1024, 1024)) ; ((CNNrepository.MaxPool2d(in_channels=128, input_size=(4, 4), output_size=(2, 2), kernel_size=(2, 2)), 2048, 512)) ; ((CNNrepository.Linear(in_features=512, out_features=10, bias=True), 512, 10))
        ), 
    loss= CNNrepository.CrossEntropyLoss(reduction='mean'), 
    optimizer= CNNrepository.Adam(learning_rate=0.1, betas=(0.9, 0.999), eps=1e-08, weight_decay=0.0005, amsgrad=False, maximize=False, capturable=False, differentiable=False, decoupled_weight_decay=False), 
    scheduler= CNNrepository.CosineAnnealingLR(eta_min=0.0), 
    epochs= 50
    )
",1.1310354868570964,0.5996666351954142,0.5971999963124593,622,2555082,824.0918500423431,False,50,,,,,1785901770.3047235,3,0.6021999716758728 0.6057999730110168 0.590999960899353,0.007718382921231987,False False False
pre_sample,6,"
Learner(
    model= (
        ((CNNrepository.Conv2d(in_channels=3, out_channels=64, input_size=(32, 32), output_size=(32, 32), kernel_size=(3, 3), stride=1, padding=1, bias=False), 3072, 65536)) ; ((CNNrepository.ReLu(inplace=False), 65536, 65536)) ; ((CNNrepository.Conv2d(in_channels=256, out_channels=64, input_size=(16, 16), output_size=(16, 16), kernel_size=(3, 3), stride=1, padding=1, bias=False), 65536, 16384)) ; ((CNNrepository.Conv2d(in_channels=256, out_channels=512, input_size=(8, 8), output_size=(8, 8), kernel_size=(3, 3), stride=1, padding=1, bias=False), 16384, 32768)) ; ((CNNrepository.Conv2d(in_channels=256, out_channels=128, input_size=(8, 8), output_size=(8, 8), kernel_size=(3, 3), stride=1, padding=1, bias=False), 16384, 8192) || edges(5120) || (CNNrepository.Conv2d(in_channels=128, out_channels=256, input_size=(8, 8), output_size=(8, 8), kernel_size=(3, 3), stride=1, padding=1, bias=False), 8192, 16384) || edges(3072)) ; ((CNNrepository.MaxPool2d(in_channels=128, input_size=(16, 16), output_size=(8, 8), kernel_size=(2, 2)), 32768, 8192)) ; ((CNNrepository.Conv2d(in_channels=128, out_channels=256, input_size=(8, 8), output_size=(8, 8), kernel_size=(3, 3), stride=1, padding=1, bias=False), 8192, 16384)) ; (edges(12288) || (CNNrepository.Tanh(), 3584, 3584) || edges(512)) ; ((CNNrepository.Conv2d(in_channels=256, out_channels=64, input_size=(8, 8), output_size=(8, 8), kernel_size=(3, 3), stride=1, padding=1, bias=False), 16384, 4096)) ; ((CNNrepository.Conv2d(in_channels=256, out_channels=512, input_size=(4, 4), output_size=(4, 4), kernel_size=(3, 3), stride=1, padding=1, bias=False), 4096, 8192)) ; (edges(6144) || (CNNrepository.Sigmoid(), 1024, 1024) || edges(1024)) ; ((CNNrepository.Conv2d(in_channels=512, out_channels=128, input_size=(4, 4), output_size=(4, 4), kernel_size=(3, 3), stride=1, padding=1, bias=False), 8192, 2048)) ; ((CNNrepository.Tanh(), 2048, 2048)) ; ((CNNrepository.MaxPool2d(in_channels=512, input_size=(2, 2), output_size=(1, 1), kernel_size=(2, 2)), 2048, 512)) ; ((CNNrepository.Linear(in_features=512, out_features=10, bias=False), 512, 10))
        ), 
    loss= CNNrepository.CrossEntropyLoss(reduction='mean'), 
    optimizer= CNNrepository.SGD(learning_rate=0.1, momentum=0.9, dampening=0.0, weight_decay=0.0005, nesterov=False, maximize=False), 
    scheduler= CNNrepository.NoScheduler(), 
    epochs= 50
    )
",13.424249013264975,0.10106666137774785,0.09983332951863606,563,4135616,1137.3288056850433,False,50,,,,,1785901770.306922,3,0.09999999403953552 0.09779999405145645 0.10539999604225159,0.003910670271555662,False False False
pre_sample,7,"
Learner(
    model= (
        ((CNNrepository.Conv2d(in_channels=3, out_channels=64, input_size=(32, 32), output_size=(32, 32), kernel_size=(3, 3), stride=1, padding=1, bias=False), 3072, 65536)) ; ((CNNrepository.ReLu(inplace=False), 65536, 65536)) ; ((CNNrepository.MaxPool2d(in_channels=64, input_size=(32, 32), output_size=(16, 16), kernel_size=(2, 2)), 65536, 16384)) ; ((CNNrepository.Conv2d(in_channels=64, out_channels=128, input_size=(16, 16), output_size=(16, 16), kernel_size=(3, 3), stride=1, padding=1, bias=False), 16384, 32768)) ; (swap(12288, 2048, 10240) || edges(20480)) ; ((CNNrepository.MaxPool2d(in_channels=128, input_size=(16, 16), output_size=(8, 8), kernel_size=(2, 2)), 32768, 8192)) ; ((CNNrepository.Conv2d(in_channels=128, out_channels=256, input_size=(8, 8), output_size=(8, 8), kernel_size=(3, 3), stride=1, padding=1, bias=False), 8192, 16384)) ; ((CNNrepository.Conv2d(in_channels=256, out_channels=512, input_size=(4, 4), output_size=(4, 4), kernel_size=(3, 3), stride=1, padding=1, bias=False), 4096, 8192) || edges(3584) || (CNNrepository.Conv2d(in_channels=256, out_channels=128, input_size=(4, 4), output_size=(4, 4), kernel_size=(3, 3), stride=1, padding=1, bias=False), 4096, 2048) || (CNNrepository.Conv2d(in_channels=256, out_channels=128, input_size=(4, 4), output_size=(4, 4), kernel_size=(3, 3), stride=1, padding=1, bias=False), 4096, 2048) || edges(512)) ; ((CNNrepository.MaxPool2d(in_channels=64, input_size=(16, 16), output_size=(8, 8), kernel_size=(2, 2)), 16384, 4096)) ; ((CNNrepository.Conv2d(in_channels=256, out_channels=512, input_size=(4, 4), output_size=(4, 4), kernel_size=(3, 3), stride=1, padding=1, bias=False), 4096, 8192)) ; (edges(4096) || (CNNrepository.Tanh(), 1024, 1024) || edges(3072)) ; ((CNNrepository.Conv2d(in_channels=512, out_channels=128, input_size=(4, 4), output_size=(4, 4), kernel_size=(3, 3), stride=1, padding=1, bias=False), 8192, 2048)) ; ((CNNrepository.Tanh(), 1024, 1024) || (CNNrepository.Tanh(), 512, 512) || edges(512)) ; ((CNNrepository.MaxPool2d(in_channels=512, input_size=(2, 2), output_size=(1, 1), kernel_size=(2, 2)), 2048, 512)) ; ((CNNrepository.Linear(in_features=512, out_features=10, bias=True), 512, 10))
        ), 
    loss= CNNrepository.CrossEntropyLoss(reduction='mean'), 
    optimizer= CNNrepository.Adam(learning_rate=0.1, betas=(0.9, 0.999), eps=1e-08, weight_decay=0.0005, amsgrad=False, maximize=False, capturable=False, differentiable=False, decoupled_weight_decay=False), 
    scheduler= CNNrepository.CosineAnnealingLR(eta_min=0.0), 
    epochs= 50
    )
",0.7622084816296896,0.735866645971934,0.7360666592915853,614,3914442,901.9580843448639,False,50,,,,,1785901770.3087273,3,0.7387999892234802 0.7325999736785889 0.7361999750137329,0.0031134192420558386,False False False
pre_sample,8,"
Learner(
    model= (
        ((CNNrepository.Conv2d(in_channels=3, out_channels=64, input_size=(32, 32), output_size=(32, 32), kernel_size=(3, 3), stride=1, padding=1, bias=False), 3072, 65536)) ; ((CNNrepository.Conv2d(in_channels=256, out_channels=256, input_size=(16, 16), output_size=(16, 16), kernel_size=(3, 3), stride=1, padding=1, bias=False), 65536, 65536)) ; ((CNNrepository.MaxPool2d(in_channels=256, input_size=(16, 16), output_size=(8, 8), kernel_size=(2, 2)), 65536, 16384)) ; ((CNNrepository.Conv2d(in_channels=256, out_channels=512, input_size=(8, 8), output_size=(8, 8), kernel_size=(3, 3), stride=1, padding=1, bias=False), 16384, 32768)) ; ((CNNrepository.Tanh(), 32768, 32768)) ; ((CNNrepository.MaxPool2d(in_channels=128, input_size=(16, 16), output_size=(8, 8), kernel_size=(2, 2)), 32768, 8192)) ; ((CNNrepository.Conv2d(in_channels=128, out_channels=256, input_size=(8, 8), output_size=(8, 8), kernel_size=(3, 3), stride=1, padding=1, bias=False), 8192, 16384)) ; ((CNNrepository.Sigmoid(), 8192, 8192) || swap(3584, 3072, 512) || edges(4608)) ; ((CNNrepository.MaxPool2d(in_channels=64, input_size=(16, 16), output_size=(8, 8), kernel_size=(2, 2)), 16384, 4096)) ; ((CNNrepository.Conv2d(in_channels=64, out_channels=128, input_size=(8, 8), output_size=(8, 8), kernel_size=(3, 3), stride=1, padding=1, bias=False), 4096, 8192)) ; (edges(5120) || (CNNrepository.Tanh(), 1024, 1024) || edges(1024) || (CNNrepository.Sigmoid(), 512, 512) || (CNNrepository.ReLu(inplace=False), 512, 512)) ; ((CNNrepository.Conv2d(in_channels=512, out_channels=128, input_size=(4, 4), output_size=(4, 4), kernel_size=(3, 3), stride=1, padding=1, bias=False), 8192, 2048)) ; ((CNNrepository.Tanh(), 2048, 2048)) ; ((CNNrepository.MaxPool2d(in_channels=128, input_size=(4, 4), output_size=(2, 2), kernel_size=(2, 2)), 2048, 512)) ; ((CNNrepository.Linear(in_features=512, out_features=10, bias=True), 512, 10))
        ), 
    loss= CNNrepository.CrossEntropyLoss(reduction='mean'), 
    optimizer= CNNrepository.Adam(learning_rate=0.1, betas=(0.9, 0.999), eps=1e-08, weight_decay=0.0005, amsgrad=False, maximize=False, capturable=False, differentiable=False, decoupled_weight_decay=False), 
    scheduler= CNNrepository.CosineAnnealingLR(eta_min=0.0), 
    epochs= 50
    )
",2.1895262400309243,0.19939999282360077,0.1974333276351293,530,2734794,1219.1491842269897,False,50,,,,,1785901770.3105366,3,0.21739999949932098 0.19999998807907104 0.18079999089241028,0.01830737974797116,False False False
pre_sample,9,"
Learner(
    model= (
        ((CNNrepository.Conv2d(in_channels=3, out_channels=64, input_size=(32, 32), output_size=(32, 32), kernel_size=(3, 3), stride=1, padding=1, bias=False), 3072, 65536)) ; ((CNNrepository.Conv2d(in_channels=256, out_channels=256, input_size=(16, 16), output_size=(16, 16), kernel_size=(3, 3), stride=1, padding=1, bias=False), 65536, 65536)) ; ((CNNrepository.MaxPool2d(in_channels=256, input_size=(16, 16), output_size=(8, 8), kernel_size=(2, 2)), 65536, 16384)) ; ((CNNrepository.Conv2d(in_channels=256, out_channels=512, input_size=(8, 8), output_size=(8, 8), kernel_size=(3, 3), stride=1, padding=1, bias=False), 16384, 32768)) ; (swap(8192, 6144, 2048) || (CNNrepository.MaxPool2d(in_channels=256, input_size=(8, 8), output_size=(4, 4), kernel_size=(2, 2)), 16384, 4096) || edges(3584) || (CNNrepository.Conv2d(in_channels=64, out_channels=256, input_size=(8, 8), output_size=(8, 8), kernel_size=(3, 3), stride=1, padding=1, bias=False), 4096, 16384) || (CNNrepository.Linear(in_features=512, out_features=512, bias=True), 512, 512)) ; ((CNNrepository.MaxPool2d(in_channels=128, input_size=(16, 16), output_size=(8, 8), kernel_size=(2, 2)), 32768, 8192)) ; ((CNNrepository.Conv2d(in_channels=128, out_channels=256, input_size=(8, 8), output_size=(8, 8), kernel_size=(3, 3), stride=1, padding=1, bias=False), 8192, 16384)) ; ((CNNrepository.ReLu(inplace=False), 6144, 6144) || edges(10240)) ; ((CNNrepository.MaxPool2d(in_channels=256, input_size=(8, 8), output_size=(4, 4), kernel_size=(2, 2)), 16384, 4096)) ; ((CNNrepository.Conv2d(in_channels=64, out_channels=128, input_size=(8, 8), output_size=(8, 8), kernel_size=(3, 3), stride=1, padding=1, bias=False), 4096, 8192)) ; (edges(3072) || (CNNrepository.Tanh(), 1024, 1024) || (CNNrepository.Conv2d(in_channels=128, out_channels=512, input_size=(2, 2), output_size=(2, 2), kernel_size=(3, 3), stride=1, padding=1, bias=False), 512, 2048) || edges(1024) || (CNNrepository.MaxPool2d(in_channels=128, input_size=(4, 4), output_size=(2, 2), kernel_size=(2, 2)), 2048, 512) || (CNNrepository.Tanh(), 512, 512)) ; ((CNNrepository.MaxPool2d(in_channels=128, input_size=(8, 8), output_size=(4, 4), kernel_size=(2, 2)), 8192, 2048)) ; ((CNNrepository.BatchNorm2d(in_channels=512, input_size=(2, 2)), 2048, 2048)) ; ((CNNrepository.Conv2d(in_channels=512, out_channels=128, input_size=(2, 2), output_size=(2, 2), kernel_size=(3, 3), stride=1, padding=1, bias=False), 2048, 512)) ; ((CNNrepository.Linear(in_features=512, out_features=10, bias=False), 512, 10))
        ), 
    loss= CNNrepository.CrossEntropyLoss(reduction='mean'), 
    optimizer= CNNrepository.Adam(learning_rate=0.1, betas=(0.9, 0.999), eps=1e-08, weight_decay=0.0005, amsgrad=False, maximize=False, capturable=False, differentiable=False, decoupled_weight_decay=False), 
    scheduler= CNNrepository.NoScheduler(), 
    epochs= 50
    )
",77.04790115356445,0.11219999939203262,0.10903333127498627,621,3735744,1347.9066529273987,False,50,,,,,1785901770.3123875,3,0.125 0.1143999993801117 0.09719999879598618,0.014029968520864666,False False False
pre_sample,10,"
Learner(
    model= (
        ((CNNrepository.Conv2d(in_channels=3, out_channels=64, input_size=(32, 32), output_size=(32, 32), kernel_size=(3, 3), stride=1, padding=1, bias=False), 3072, 65536)) ; ((CNNrepository.Tanh(), 65536, 65536)) ; ((CNNrepository.MaxPool2d(in_channels=256, input_size=(16, 16), output_size=(8, 8), kernel_size=(2, 2)), 65536, 16384)) ; ((CNNrepository.Conv2d(in_channels=64, out_channels=128, input_size=(16, 16), output_size=(16, 16), kernel_size=(3, 3), stride=1, padding=1, bias=False), 16384, 32768)) ; ((CNNrepository.Conv2d(in_channels=128, out_channels=256, input_size=(8, 8), output_size=(8, 8), kernel_size=(3, 3), stride=1, padding=1, bias=False), 8192, 16384) || (CNNrepository.MaxPool2d(in_channels=64, input_size=(16, 16), output_size=(8, 8), kernel_size=(2, 2)), 16384, 4096) || edges(2048) || (CNNrepository.Conv2d(in_channels=256, out_channels=128, input_size=(4, 4), output_size=(4, 4), kernel_size=(3, 3), stride=1, padding=1, bias=False), 4096, 2048) || (CNNrepository.Conv2d(in_channels=128, out_channels=512, input_size=(4, 4), output_size=(4, 4), kernel_size=(3, 3), stride=1, padding=1, bias=False), 2048, 8192)) ; ((CNNrepository.MaxPool2d(in_channels=512, input_size=(8, 8), output_size=(4, 4), kernel_size=(2, 2)), 32768, 8192)) ; ((CNNrepository.Conv2d(in_channels=128, out_channels=256, input_size=(8, 8), output_size=(8, 8), kernel_size=(3, 3), stride=1, padding=1, bias=False), 8192, 16384)) ; (swap(5120, 3072, 2048) || (CNNrepository.ReLu(inplace=False), 1024, 1024) || (CNNrepository.ReLu(inplace=False), 5120, 5120) || edges(512) || (CNNrepository.Conv2d(in_channels=512, out_channels=512, input_size=(1, 1), output_size=(1, 1), kernel_size=(3, 3), stride=1, padding=1, bias=False), 512, 512) || edges(4096)) ; ((CNNrepository.MaxPool2d(in_channels=256, input_size=(8, 8), output_size=(4, 4), kernel_size=(2, 2)), 16384, 4096)) ; ((CNNrepository.Conv2d(in_channels=64, out_channels=128, input_size=(8, 8), output_size=(8, 8), kernel_size=(3, 3), stride=1, padding=1, bias=False), 4096, 8192)) ; (edges(4608) || (CNNrepository.Sigmoid(), 1024, 1024) || edges(2560)) ; ((CNNrepository.MaxPool2d(in_channels=512, input_size=(4, 4), output_size=(2, 2), kernel_size=(2, 2)), 8192, 2048)) ; ((CNNrepository.ReLu(inplace=False), 1024, 1024) || swap(1024, 512, 512)) ; ((CNNrepository.MaxPool2d(in_channels=128, input_size=(4, 4), output_size=(2, 2), kernel_size=(2, 2)), 2048, 512)) ; ((CNNrepository.Linear(in_features=512, out_features=10, bias=True), 512, 10))
        ), 
    loss= CNNrepository.CrossEntropyLoss(reduction='mean'), 
    optimizer= CNNrepository.Adam(learning_rate=0.1, betas=(0.9, 0.999), eps=1e-08, weight_decay=0.0005, amsgrad=False, maximize=False, capturable=False, differentiable=False, decoupled_weight_decay=False), 
    scheduler= CNNrepository.NoScheduler(), 
    epochs= 50
    )
",3173232.9166666665,0.12479999661445618,0.1230666587750117,679,3988170,884.5891556739807,False,50,,,,,1785901770.3143616,3,0.13259999454021454 0.1371999979019165 0.10459999740123749,0.017644262067098303,False False False
pre_sample,11,"
Learner(
    model= (
        ((CNNrepository.Conv2d(in_channels=3, out_channels=64, input_size=(32, 32), output_size=(32, 32), kernel_size=(3, 3), stride=1, padding=1, bias=False), 3072, 65536)) ; ((CNNrepository.BatchNorm2d(in_channels=64, input_size=(32, 32)), 65536, 65536)) ; ((CNNrepository.MaxPool2d(in_channels=256, input_size=(16, 16), output_size=(8, 8), kernel_size=(2, 2)), 65536, 16384)) ; ((CNNrepository.Conv2d(in_channels=64, out_channels=128, input_size=(16, 16), output_size=(16, 16), kernel_size=(3, 3), stride=1, padding=1, bias=False), 16384, 32768)) ; (swap(24576, 19456, 5120) || edges(4096) || (CNNrepository.ReLu(inplace=False), 512, 512) || (CNNrepository.Linear(in_features=512, out_features=512, bias=False), 512, 512) || (CNNrepository.ReLu(inplace=False), 1024, 1024) || edges(2048)) ; ((CNNrepository.Conv2d(in_channels=512, out_channels=128, input_size=(8, 8), output_size=(8, 8), kernel_size=(3, 3), stride=1, padding=1, bias=False), 32768, 8192)) ; ((CNNrepository.Conv2d(in_channels=128, out_channels=256, input_size=(8, 8), output_size=(8, 8), kernel_size=(3, 3), stride=1, padding=1, bias=False), 8192, 16384)) ; (edges(8192) || swap(3072, 2048, 1024) || edges(3072) || (CNNrepository.Sigmoid(), 2048, 2048)) ; ((CNNrepository.MaxPool2d(in_channels=64, input_size=(16, 16), output_size=(8, 8), kernel_size=(2, 2)), 16384, 4096)) ; ((CNNrepository.Conv2d(in_channels=64, out_channels=128, input_size=(8, 8), output_size=(8, 8), kernel_size=(3, 3), stride=1, padding=1, bias=False), 4096, 8192)) ; (swap(4096, 512, 3584) || (CNNrepository.Conv2d(in_channels=512, out_channels=512, input_size=(1, 1), output_size=(1, 1), kernel_size=(3, 3), stride=1, padding=1, bias=False), 512, 512) || edges(3584)) ; ((CNNrepository.MaxPool2d(in_channels=512, input_size=(4, 4), output_size=(2, 2), kernel_size=(2, 2)), 8192, 2048)) ; (edges(1024) || (CNNrepository.ReLu(inplace=False), 512, 512) || edges(512)) ; ((CNNrepository.MaxPool2d(in_channels=128, input_size=(4, 4), output_size=(2, 2), kernel_size=(2, 2)), 2048, 512)) ; ((CNNrepository.Linear(in_features=512, out_features=10, bias=True), 512, 10))
        ), 
    loss= CNNrepository.CrossEntropyLoss(reduction='mean'), 
    optimizer= CNNrepository.SGD(learning_rate=0.1, momentum=0.9, dampening=0.0, weight_decay=0.0005, nesterov=False, maximize=False), 
    scheduler= CNNrepository.NoScheduler(), 
    epochs= 50
    )
",107.94118245442708,0.12893333037694296,0.1293000007669131,702,3660618,763.040361404419,False,50,,,,,1785901770.316402,3,0.16099999845027924 0.13079999387264252 0.0949999988079071,0.033039571919940385,False False False
pre_sample,12,"
Learner(
    model= (
        ((CNNrepository.Conv2d(in_channels=3, out_channels=64, input_size=(32, 32), output_size=(32, 32), kernel_size=(3, 3), stride=1, padding=1, bias=False), 3072, 65536)) ; ((CNNrepository.Tanh(), 65536, 65536)) ; ((CNNrepository.Conv2d(in_channels=256, out_channels=64, input_size=(16, 16), output_size=(16, 16), kernel_size=(3, 3), stride=1, padding=1, bias=False), 65536, 16384)) ; ((CNNrepository.Conv2d(in_channels=256, out_channels=512, input_size=(8, 8), output_size=(8, 8), kernel_size=(3, 3), stride=1, padding=1, bias=False), 16384, 32768)) ; (edges(12288) || (CNNrepository.MaxPool2d(in_channels=128, input_size=(8, 8), output_size=(4, 4), kernel_size=(2, 2)), 8192, 2048) || swap(10240, 5120, 5120) || (CNNrepository.Conv2d(in_channels=128, out_channels=512, input_size=(4, 4), output_size=(4, 4), kernel_size=(3, 3), stride=1, padding=1, bias=False), 2048, 8192)) ; ((CNNrepository.MaxPool2d(in_channels=128, input_size=(16, 16), output_size=(8, 8), kernel_size=(2, 2)), 32768, 8192)) ; ((CNNrepository.Conv2d(in_channels=128, out_channels=256, input_size=(8, 8), output_size=(8, 8), kernel_size=(3, 3), stride=1, padding=1, bias=False), 8192, 16384)) ; (swap(10240, 3072, 7168) || edges(3584) || (CNNrepository.Conv2d(in_channels=128, out_channels=128, input_size=(4, 4), output_size=(4, 4), kernel_size=(3, 3), stride=1, padding=1, bias=False), 2048, 2048) || (CNNrepository.Linear(in_features=512, out_features=512, bias=True), 512, 512)) ; ((CNNrepository.MaxPool2d(in_channels=64, input_size=(16, 16), output_size=(8, 8), kernel_size=(2, 2)), 16384, 4096)) ; ((CNNrepository.Conv2d(in_channels=64, out_channels=128, input_size=(8, 8), output_size=(8, 8), kernel_size=(3, 3), stride=1, padding=1, bias=False), 4096, 8192)) ; ((CNNrepository.Sigmoid(), 7168, 7168) || edges(1024)) ; ((CNNrepository.Conv2d(in_channels=512, out_channels=128, input_size=(4, 4), output_size=(4, 4), kernel_size=(3, 3), stride=1, padding=1, bias=False), 8192, 2048)) ; ((CNNrepository.ReLu(inplace=False), 2048, 2048)) ; ((CNNrepository.Conv2d(in_channels=512, out_channels=128, input_size=(2, 2), output_size=(2, 2), kernel_size=(3, 3), stride=1, padding=1, bias=False), 2048, 512)) ; ((CNNrepository.Linear(in_features=512, out_features=10, bias=True), 512, 10))
        ), 
    loss= CNNrepository.CrossEntropyLoss(reduction='mean'), 
    optimizer= CNNrepository.Adam(learning_rate=0.1, betas=(0.9, 0.999), eps=1e-08, weight_decay=0.0005, amsgrad=False, maximize=False, capturable=False, differentiable=False, decoupled_weight_decay=False), 
    scheduler= CNNrepository.NoScheduler(), 
    epochs= 50
    )
",55521039702.87037,0.10259999831517537,0.09999999403953552,560,3882186,505.39782643318176,False,50,,,,,1785901770.318322,3,0.10119999945163727 0.10499999672174454 0.10159999877214432,0.0020880598956333645,False False False
pre_sample,13,"
Learner(
    model= (
        ((CNNrepository.Conv2d(in_channels=3, out_channels=64, input_size=(32, 32), output_size=(32, 32), kernel_size=(3, 3), stride=1, padding=1, bias=False), 3072, 65536)) ; ((CNNrepository.Conv2d(in_channels=256, out_channels=256, input_size=(16, 16), output_size=(16, 16), kernel_size=(3, 3), stride=1, padding=1, bias=False), 65536, 65536)) ; ((CNNrepository.Conv2d(in_channels=256, out_channels=64, input_size=(16, 16), output_size=(16, 16), kernel_size=(3, 3), stride=1, padding=1, bias=False), 65536, 16384)) ; ((CNNrepository.Conv2d(in_channels=64, out_channels=128, input_size=(16, 16), output_size=(16, 16), kernel_size=(3, 3), stride=1, padding=1, bias=False), 16384, 32768)) ; ((CNNrepository.Conv2d(in_channels=256, out_channels=256, input_size=(8, 8), output_size=(8, 8), kernel_size=(3, 3), stride=1, padding=1, bias=False), 16384, 16384) || edges(16384)) ; ((CNNrepository.Conv2d(in_channels=512, out_channels=128, input_size=(8, 8), output_size=(8, 8), kernel_size=(3, 3), stride=1, padding=1, bias=False), 32768, 8192)) ; ((CNNrepository.Conv2d(in_channels=128, out_channels=256, input_size=(8, 8), output_size=(8, 8), kernel_size=(3, 3), stride=1, padding=1, bias=False), 8192, 16384)) ; ((CNNrepository.ReLu(inplace=False), 10240, 10240) || edges(6144)) ; ((CNNrepository.MaxPool2d(in_channels=256, input_size=(8, 8), output_size=(4, 4), kernel_size=(2, 2)), 16384, 4096)) ; ((CNNrepository.Conv2d(in_channels=64, out_channels=128, input_size=(8, 8), output_size=(8, 8), kernel_size=(3, 3), stride=1, padding=1, bias=False), 4096, 8192)) ; (edges(4608) || (CNNrepository.ReLu(inplace=False), 1024, 1024) || edges(2560)) ; ((CNNrepository.MaxPool2d(in_channels=512, input_size=(4, 4), output_size=(2, 2), kernel_size=(2, 2)), 8192, 2048)) ; ((CNNrepository.ReLu(inplace=False), 1024, 1024) || edges(512) || (CNNrepository.Conv2d(in_channels=128, out_channels=128, input_size=(2, 2), output_size=(2, 2), kernel_size=(3, 3), stride=1, padding=1, bias=False), 512, 512)) ; ((CNNrepository.MaxPool2d(in_channels=128, input_size=(4, 4), output_size=(2, 2), kernel_size=(2, 2)), 2048, 512)) ; ((CNNrepository.Linear(in_features=512, out_features=10, bias=True), 512, 10))
        ), 
    loss= CNNrepository.CrossEntropyLoss(reduction='mean'), 
    optimizer= CNNrepository.Adam(learning_rate=0.1, betas=(0.9, 0.999), eps=1e-08, weight_decay=0.0005, amsgrad=False, maximize=False, capturable=False, differentiable=False, decoupled_weight_decay=False), 
    scheduler= CNNrepository.NoScheduler(), 
    epochs= 50
    )
",417056734314496.0,0.09359999497731526,0.09266666322946548,535,2513610,592.2993614673615,False,50,,,,,1785901770.3200023,3,0.09959999471902847 0.0819999948143959 0.09919999539852142,0.01004788548396619,False False False
pre_sample,14,"
Learner(
    model= (
        ((CNNrepository.Conv2d(in_channels=3, out_channels=64, input_size=(32, 32), output_size=(32, 32), kernel_size=(3, 3), stride=1, padding=1, bias=False), 3072, 65536)) ; ((CNNrepository.Conv2d(in_channels=256, out_channels=256, input_size=(16, 16), output_size=(16, 16), kernel_size=(3, 3), stride=1, padding=1, bias=False), 65536, 65536)) ; ((CNNrepository.MaxPool2d(in_channels=64, input_size=(32, 32), output_size=(16, 16), kernel_size=(2, 2)), 65536, 16384)) ; ((CNNrepository.Conv2d(in_channels=256, out_channels=512, input_size=(8, 8), output_size=(8, 8), kernel_size=(3, 3), stride=1, padding=1, bias=False), 16384, 32768)) ; (swap(20480, 1024, 19456) || edges(12288)) ; ((CNNrepository.MaxPool2d(in_channels=128, input_size=(16, 16), output_size=(8, 8), kernel_size=(2, 2)), 32768, 8192)) ; ((CNNrepository.Conv2d(in_channels=128, out_channels=256, input_size=(8, 8), output_size=(8, 8), kernel_size=(3, 3), stride=1, padding=1, bias=False), 8192, 16384)) ; (swap(10240, 8192, 2048) || (CNNrepository.ReLu(inplace=False), 3072, 3072) || edges(3072)) ; ((CNNrepository.Conv2d(in_channels=256, out_channels=64, input_size=(8, 8), output_size=(8, 8), kernel_size=(3, 3), stride=1, padding=1, bias=False), 16384, 4096)) ; ((CNNrepository.Conv2d(in_channels=64, out_channels=128, input_size=(8, 8), output_size=(8, 8), kernel_size=(3, 3), stride=1, padding=1, bias=False), 4096, 8192)) ; (edges(3072) || swap(5120, 4608, 512)) ; ((CNNrepository.MaxPool2d(in_channels=128, input_size=(8, 8), output_size=(4, 4), kernel_size=(2, 2)), 8192, 2048)) ; ((CNNrepository.Conv2d(in_channels=128, out_channels=128, input_size=(4, 4), output_size=(4, 4), kernel_size=(3, 3), stride=1, padding=1, bias=False), 2048, 2048)) ; ((CNNrepository.MaxPool2d(in_channels=128, input_size=(4, 4), output_size=(2, 2), kernel_size=(2, 2)), 2048, 512)) ; ((CNNrepository.Linear(in_features=512, out_features=10, bias=True), 512, 10))
        ), 
    loss= CNNrepository.CrossEntropyLoss(reduction='mean'), 
    optimizer= CNNrepository.Adam(learning_rate=0.1, betas=(0.9, 0.999), eps=1e-08, weight_decay=0.0005, amsgrad=False, maximize=False, capturable=False, differentiable=False, decoupled_weight_decay=False), 
    scheduler= CNNrepository.NoScheduler(), 
    epochs= 50
    )
",203911411029.33334,0.12500000248352686,0.12069999674956004,506,2439882,558.3450660705566,False,50,,,,,1785901770.3216221,3,0.11580000072717667 0.131400004029274 0.12780000269412994,0.008168232773427481,False False False
pre_sample,15,"
Learner(
    model= (
        ((CNNrepository.Conv2d(in_channels=3, out_channels=64, input_size=(32, 32), output_size=(32, 32), kernel_size=(3, 3), stride=1, padding=1, bias=False), 3072, 65536)) ; ((CNNrepository.Conv2d(in_channels=256, out_channels=256, input_size=(16, 16), output_size=(16, 16), kernel_size=(3, 3), stride=1, padding=1, bias=False), 65536, 65536)) ; ((CNNrepository.MaxPool2d(in_channels=64, input_size=(32, 32), output_size=(16, 16), kernel_size=(2, 2)), 65536, 16384)) ; ((CNNrepository.Conv2d(in_channels=256, out_channels=512, input_size=(8, 8), output_size=(8, 8), kernel_size=(3, 3), stride=1, padding=1, bias=False), 16384, 32768)) ; (swap(20480, 10240, 10240) || edges(11264) || swap(1024, 512, 512)) ; ((CNNrepository.Conv2d(in_channels=512, out_channels=128, input_size=(8, 8), output_size=(8, 8), kernel_size=(3, 3), stride=1, padding=1, bias=False), 32768, 8192)) ; ((CNNrepository.Conv2d(in_channels=128, out_channels=256, input_size=(8, 8), output_size=(8, 8), kernel_size=(3, 3), stride=1, padding=1, bias=False), 8192, 16384)) ; (edges(12288) || (CNNrepository.Tanh(), 1024, 1024) || edges(3072)) ; ((CNNrepository.MaxPool2d(in_channels=256, input_size=(8, 8), output_size=(4, 4), kernel_size=(2, 2)), 16384, 4096)) ; ((CNNrepository.Conv2d(in_channels=64, out_channels=128, input_size=(8, 8), output_size=(8, 8), kernel_size=(3, 3), stride=1, padding=1, bias=False), 4096, 8192)) ; ((CNNrepository.Tanh(), 3072, 3072) || edges(5120)) ; ((CNNrepository.MaxPool2d(in_channels=512, input_size=(4, 4), output_size=(2, 2), kernel_size=(2, 2)), 8192, 2048)) ; ((CNNrepository.ReLu(inplace=False), 2048, 2048)) ; ((CNNrepository.Conv2d(in_channels=512, out_channels=128, input_size=(2, 2), output_size=(2, 2), kernel_size=(3, 3), stride=1, padding=1, bias=False), 2048, 512)) ; ((CNNrepository.Linear(in_features=512, out_features=10, bias=False), 512, 10))
        ), 
    loss= CNNrepository.CrossEntropyLoss(reduction='mean'), 
    optimizer= CNNrepository.Adam(learning_rate=0.1, betas=(0.9, 0.999), eps=1e-08, weight_decay=0.0005, amsgrad=False, maximize=False, capturable=False, differentiable=False, decoupled_weight_decay=False), 
    scheduler= CNNrepository.NoScheduler(), 
    epochs= 50
    )
",367329371430.9118,0.10166666160027187,0.09999999403953552,525,3324608,483.8724777698517,False,50,,,,,1785901770.3232527,3,0.10539999604225159 0.1021999940276146 0.0973999947309494,0.0040265789268001,False False False
pre_sample,16,"
Learner(
    model= (
        ((CNNrepository.Conv2d(in_channels=3, out_channels=64, input_size=(32, 32), output_size=(32, 32), kernel_size=(3, 3), stride=1, padding=1, bias=False), 3072, 65536)) ; ((CNNrepository.ReLu(inplace=False), 65536, 65536)) ; ((CNNrepository.MaxPool2d(in_channels=64, input_size=(32, 32), output_size=(16, 16), kernel_size=(2, 2)), 65536, 16384)) ; ((CNNrepository.Conv2d(in_channels=256, out_channels=512, input_size=(8, 8), output_size=(8, 8), kernel_size=(3, 3), stride=1, padding=1, bias=False), 16384, 32768)) ; ((CNNrepository.ReLu(inplace=False), 12288, 12288) || edges(20480)) ; ((CNNrepository.Conv2d(in_channels=512, out_channels=128, input_size=(8, 8), output_size=(8, 8), kernel_size=(3, 3), stride=1, padding=1, bias=False), 32768, 8192)) ; ((CNNrepository.Conv2d(in_channels=128, out_channels=256, input_size=(8, 8), output_size=(8, 8), kernel_size=(3, 3), stride=1, padding=1, bias=False), 8192, 16384)) ; ((CNNrepository.Conv2d(in_channels=256, out_channels=256, input_size=(4, 4), output_size=(4, 4), kernel_size=(3, 3), stride=1, padding=1, bias=False), 4096, 4096) || swap(8192, 3072, 5120) || edges(2048) || (CNNrepository.BatchNorm2d(in_channels=128, input_size=(4, 4)), 2048, 2048)) ; ((CNNrepository.Conv2d(in_channels=256, out_channels=64, input_size=(8, 8), output_size=(8, 8), kernel_size=(3, 3), stride=1, padding=1, bias=False), 16384, 4096)) ; ((CNNrepository.Conv2d(in_channels=256, out_channels=512, input_size=(4, 4), output_size=(4, 4), kernel_size=(3, 3), stride=1, padding=1, bias=False), 4096, 8192)) ; (edges(3584) || (CNNrepository.Tanh(), 1024, 1024) || edges(3584)) ; ((CNNrepository.MaxPool2d(in_channels=512, input_size=(4, 4), output_size=(2, 2), kernel_size=(2, 2)), 8192, 2048)) ; ((CNNrepository.Tanh(), 1024, 1024) || (CNNrepository.ReLu(inplace=False), 512, 512) || edges(512)) ; ((CNNrepository.Conv2d(in_channels=512, out_channels=128, input_size=(2, 2), output_size=(2, 2), kernel_size=(3, 3), stride=1, padding=1, bias=False), 2048, 512)) ; ((CNNrepository.Linear(in_features=512, out_features=10, bias=True), 512, 10))
        ), 
    loss= CNNrepository.CrossEntropyLoss(reduction='mean'), 
    optimizer= CNNrepository.Adam(learning_rate=0.1, betas=(0.9, 0.999), eps=1e-08, weight_decay=0.0005, amsgrad=False, maximize=False, capturable=False, differentiable=False, decoupled_weight_decay=False), 
    scheduler= CNNrepository.NoScheduler(), 
    epochs= 50
    )
",159848166238890.66,0.09893332918485005,0.10046666363875072,586,4578250,824.7796125411987,False,50,,,,,1785901770.3250165,3,0.1021999940276146 0.08739999681711197 0.10719999670982361,0.010296277158957048,False False False
pre_sample,17,"
Learner(
    model= (
        ((CNNrepository.Conv2d(in_channels=3, out_channels=64, input_size=(32, 32), output_size=(32, 32), kernel_size=(3, 3), stride=1, padding=1, bias=False), 3072, 65536)) ; ((CNNrepository.Sigmoid(), 65536, 65536)) ; ((CNNrepository.MaxPool2d(in_channels=256, input_size=(16, 16), output_size=(8, 8), kernel_size=(2, 2)), 65536, 16384)) ; ((CNNrepository.Conv2d(in_channels=64, out_channels=128, input_size=(16, 16), output_size=(16, 16), kernel_size=(3, 3), stride=1, padding=1, bias=False), 16384, 32768)) ; (edges(24576) || swap(1024, 512, 512) || edges(7168)) ; ((CNNrepository.MaxPool2d(in_channels=128, input_size=(16, 16), output_size=(8, 8), kernel_size=(2, 2)), 32768, 8192)) ; ((CNNrepository.Conv2d(in_channels=128, out_channels=256, input_size=(8, 8), output_size=(8, 8), kernel_size=(3, 3), stride=1, padding=1, bias=False), 8192, 16384)) ; ((CNNrepository.ReLu(inplace=False), 6144, 6144) || edges(3072) || (CNNrepository.Conv2d(in_channels=128, out_channels=128, input_size=(4, 4), output_size=(4, 4), kernel_size=(3, 3), stride=1, padding=1, bias=False), 2048, 2048) || edges(5120)) ; ((CNNrepository.Conv2d(in_channels=256, out_channels=64, input_size=(8, 8), output_size=(8, 8), kernel_size=(3, 3), stride=1, padding=1, bias=False), 16384, 4096)) ; ((CNNrepository.Conv2d(in_channels=256, out_channels=512, input_size=(4, 4), output_size=(4, 4), kernel_size=(3, 3), stride=1, padding=1, bias=False), 4096, 8192)) ; (swap(3072, 512, 2560) || edges(3072) || (CNNrepository.Sigmoid(), 2048, 2048)) ; ((CNNrepository.MaxPool2d(in_channels=512, input_size=(4, 4), output_size=(2, 2), kernel_size=(2, 2)), 8192, 2048)) ; ((CNNrepository.ReLu(inplace=False), 2048, 2048)) ; ((CNNrepository.MaxPool2d(in_channels=512, input_size=(2, 2), output_size=(1, 1), kernel_size=(2, 2)), 2048, 512)) ; ((CNNrepository.Linear(in_features=512, out_features=10, bias=False), 512, 10))
        ), 
    loss= CNNrepository.CrossEntropyLoss(reduction='mean'), 
    optimizer= CNNrepository.SGD(learning_rate=0.1, momentum=0.9, dampening=0.0, weight_decay=0.0005, nesterov=False, maximize=False), 
    scheduler= CNNrepository.CosineAnnealingLR(eta_min=0.0), 
    epochs= 50
    )
",1.3888326684633892,0.47979998340209323,0.4819333056608836,574,1850048,225.3053789138794,False,50,,,,,1785901770.3269918,3,0.09339999407529831 0.66839998960495 0.6775999665260315,0.33466382192828603,False False False
pre_sample,18,"
Learner(
    model= (
        ((CNNrepository.Conv2d(in_channels=3, out_channels=64, input_size=(32, 32), output_size=(32, 32), kernel_size=(3, 3), stride=1, padding=1, bias=False), 3072, 65536)) ; ((CNNrepository.BatchNorm2d(in_channels=64, input_size=(32, 32)), 65536, 65536)) ; ((CNNrepository.MaxPool2d(in_channels=64, input_size=(32, 32), output_size=(16, 16), kernel_size=(2, 2)), 65536, 16384)) ; ((CNNrepository.Conv2d(in_channels=64, out_channels=128, input_size=(16, 16), output_size=(16, 16), kernel_size=(3, 3), stride=1, padding=1, bias=False), 16384, 32768)) ; (edges(20480) || swap(2048, 1024, 1024) || edges(10240)) ; ((CNNrepository.MaxPool2d(in_channels=128, input_size=(16, 16), output_size=(8, 8), kernel_size=(2, 2)), 32768, 8192)) ; ((CNNrepository.Conv2d(in_channels=128, out_channels=256, input_size=(8, 8), output_size=(8, 8), kernel_size=(3, 3), stride=1, padding=1, bias=False), 8192, 16384)) ; ((CNNrepository.Tanh(), 11264, 11264) || edges(1024) || (CNNrepository.Tanh(), 2048, 2048) || edges(2048)) ; ((CNNrepository.Conv2d(in_channels=256, out_channels=64, input_size=(8, 8), output_size=(8, 8), kernel_size=(3, 3), stride=1, padding=1, bias=False), 16384, 4096)) ; ((CNNrepository.Conv2d(in_channels=256, out_channels=512, input_size=(4, 4), output_size=(4, 4), kernel_size=(3, 3), stride=1, padding=1, bias=False), 4096, 8192)) ; ((CNNrepository.Sigmoid(), 4608, 4608) || (CNNrepository.Linear(in_features=512, out_features=512, bias=True), 512, 512) || edges(3072)) ; ((CNNrepository.MaxPool2d(in_channels=128, input_size=(8, 8), output_size=(4, 4), kernel_size=(2, 2)), 8192, 2048)) ; (edges(1024) || (CNNrepository.Tanh(), 1024, 1024)) ; ((CNNrepository.MaxPool2d(in_channels=512, input_size=(2, 2), output_size=(1, 1), kernel_size=(2, 2)), 2048, 512)) ; ((CNNrepository.Linear(in_features=512, out_features=10, bias=True), 512, 10))
        ), 
    loss= CNNrepository.CrossEntropyLoss(reduction='mean'), 
    optimizer= CNNrepository.Adam(learning_rate=0.1, betas=(0.9, 0.999), eps=1e-08, weight_decay=0.0005, amsgrad=False, maximize=False, capturable=False, differentiable=False, decoupled_weight_decay=False), 
    scheduler= CNNrepository.CosineAnnealingLR(eta_min=0.0), 
    epochs= 50
    )
",2.2162746588389077,0.148199995358785,0.1463333268960317,593,1965386,276.0707366466522,False,50,,,,,1785901770.3288317,3,0.10119999945163727 0.10119999945163727 0.24219998717308044,0.08140638086670915,False False False
pre_sample,19,"
Learner(
    model= (
        ((CNNrepository.Conv2d(in_channels=3, out_channels=64, input_size=(32, 32), output_size=(32, 32), kernel_size=(3, 3), stride=1, padding=1, bias=False), 3072, 65536)) ; ((CNNrepository.Conv2d(in_channels=64, out_channels=64, input_size=(32, 32), output_size=(32, 32), kernel_size=(3, 3), stride=1, padding=1, bias=False), 65536, 65536)) ; ((CNNrepository.Conv2d(in_channels=256, out_channels=64, input_size=(16, 16), output_size=(16, 16), kernel_size=(3, 3), stride=1, padding=1, bias=False), 65536, 16384)) ; ((CNNrepository.Conv2d(in_channels=256, out_channels=512, input_size=(8, 8), output_size=(8, 8), kernel_size=(3, 3), stride=1, padding=1, bias=False), 16384, 32768)) ; (swap(24576, 19456, 5120) || edges(8192)) ; ((CNNrepository.MaxPool2d(in_channels=128, input_size=(16, 16), output_size=(8, 8), kernel_size=(2, 2)), 32768, 8192)) ; ((CNNrepository.Conv2d(in_channels=128, out_channels=256, input_size=(8, 8), output_size=(8, 8), kernel_size=(3, 3), stride=1, padding=1, bias=False), 8192, 16384)) ; (swap(6144, 2048, 4096) || (CNNrepository.Conv2d(in_channels=128, out_channels=256, input_size=(4, 4), output_size=(4, 4), kernel_size=(3, 3), stride=1, padding=1, bias=False), 2048, 4096) || edges(2048) || (CNNrepository.BatchNorm2d(in_channels=512, input_size=(2, 2)), 2048, 2048) || (CNNrepository.Conv2d(in_channels=256, out_channels=128, input_size=(4, 4), output_size=(4, 4), kernel_size=(3, 3), stride=1, padding=1, bias=False), 4096, 2048)) ; ((CNNrepository.MaxPool2d(in_channels=256, input_size=(8, 8), output_size=(4, 4), kernel_size=(2, 2)), 16384, 4096)) ; ((CNNrepository.Conv2d(in_channels=256, out_channels=512, input_size=(4, 4), output_size=(4, 4), kernel_size=(3, 3), stride=1, padding=1, bias=False), 4096, 8192)) ; ((CNNrepository.Sigmoid(), 1024, 1024) || edges(7168)) ; ((CNNrepository.MaxPool2d(in_channels=512, input_size=(4, 4), output_size=(2, 2), kernel_size=(2, 2)), 8192, 2048)) ; (edges(1024) || (CNNrepository.Linear(in_features=512, out_features=512, bias=False), 512, 512) || (CNNrepository.Conv2d(in_channels=128, out_channels=128, input_size=(2, 2), output_size=(2, 2), kernel_size=(3, 3), stride=1, padding=1, bias=False), 512, 512)) ; ((CNNrepository.MaxPool2d(in_channels=128, input_size=(4, 4), output_size=(2, 2), kernel_size=(2, 2)), 2048, 512)) ; ((CNNrepository.Linear(in_features=512, out_features=10, bias=True), 512, 10))
        ), 
    loss= CNNrepository.CrossEntropyLoss(reduction='mean'), 
    optimizer= CNNrepository.SGD(learning_rate=0.1, momentum=0.9, dampening=0.0, weight_decay=0.0005, nesterov=False, maximize=False), 
    scheduler= CNNrepository.CosineAnnealingLR(eta_min=0.0), 
    epochs= 50
    )
",0.8489727179209391,0.708133320013682,0.7016333142916361,588,3845834,768.0589933395386,False,50,,,,,1785901770.3306553,3,0.6990000009536743 0.7121999859809875 0.7131999731063843,0.007925473572706251,False False False
bo_step,0,"
Learner(
    model= (
        ((CNNrepository.Conv2d(in_channels=3, out_channels=64, input_size=(32, 32), output_size=(32, 32), kernel_size=(3, 3), stride=1, padding=1, bias=False), 3072, 65536)) ; ((CNNrepository.BatchNorm2d(in_channels=256, input_size=(16, 16)), 65536, 65536)) ; ((CNNrepository.Conv2d(in_channels=256, out_channels=64, input_size=(16, 16), output_size=(16, 16), kernel_size=(3, 3), stride=1, padding=1, bias=False), 65536, 16384)) ; ((CNNrepository.Conv2d(in_channels=64, out_channels=128, input_size=(16, 16), output_size=(16, 16), kernel_size=(3, 3), stride=1, padding=1, bias=False), 16384, 32768)) ; ((CNNrepository.Conv2d(in_channels=256, out_channels=128, input_size=(8, 8), output_size=(8, 8), kernel_size=(3, 3), stride=1, padding=1, bias=False), 16384, 8192) || edges(4096) || (CNNrepository.BatchNorm2d(in_channels=512, input_size=(2, 2)), 2048, 2048) || (CNNrepository.Conv2d(in_channels=256, out_channels=128, input_size=(4, 4), output_size=(4, 4), kernel_size=(3, 3), stride=1, padding=1, bias=False), 4096, 2048) || (CNNrepository.Conv2d(in_channels=128, out_channels=256, input_size=(4, 4), output_size=(4, 4), kernel_size=(3, 3), stride=1, padding=1, bias=False), 2048, 4096) || (CNNrepository.Conv2d(in_channels=128, out_channels=512, input_size=(4, 4), output_size=(4, 4), kernel_size=(3, 3), stride=1, padding=1, bias=False), 2048, 8192) || (CNNrepository.Conv2d(in_channels=128, out_channels=256, input_size=(4, 4), output_size=(4, 4), kernel_size=(3, 3), stride=1, padding=1, bias=False), 2048, 4096)) ; ((CNNrepository.MaxPool2d(in_channels=512, input_size=(8, 8), output_size=(4, 4), kernel_size=(2, 2)), 32768, 8192)) ; ((CNNrepository.Conv2d(in_channels=128, out_channels=256, input_size=(8, 8), output_size=(8, 8), kernel_size=(3, 3), stride=1, padding=1, bias=False), 8192, 16384)) ; (swap(4096, 3584, 512) || (CNNrepository.Conv2d(in_channels=128, out_channels=256, input_size=(4, 4), output_size=(4, 4), kernel_size=(3, 3), stride=1, padding=1, bias=False), 2048, 4096) || swap(5120, 2048, 3072) || (CNNrepository.Conv2d(in_channels=256, out_channels=128, input_size=(4, 4), output_size=(4, 4), kernel_size=(3, 3), stride=1, padding=1, bias=False), 4096, 2048) || (CNNrepository.Linear(in_features=512, out_features=512, bias=False), 512, 512) || edges(512)) ; ((CNNrepository.MaxPool2d(in_channels=256, input_size=(8, 8), output_size=(4, 4), kernel_size=(2, 2)), 16384, 4096)) ; ((CNNrepository.Conv2d(in_channels=256, out_channels=512, input_size=(4, 4), output_size=(4, 4), kernel_size=(3, 3), stride=1, padding=1, bias=False), 4096, 8192)) ; (swap(4608, 4096, 512) || edges(2560) || (CNNrepository.Linear(in_features=512, out_features=512, bias=False), 512, 512) || (CNNrepository.Linear(in_features=512, out_features=512, bias=False), 512, 512)) ; ((CNNrepository.Conv2d(in_channels=512, out_channels=128, input_size=(4, 4), output_size=(4, 4), kernel_size=(3, 3), stride=1, padding=1, bias=False), 8192, 2048)) ; ((CNNrepository.Sigmoid(), 1024, 1024) || edges(1024)) ; ((CNNrepository.MaxPool2d(in_channels=128, input_size=(4, 4), output_size=(2, 2), kernel_size=(2, 2)), 2048, 512)) ; ((CNNrepository.Linear(in_features=512, out_features=10, bias=True), 512, 10))
        ), 
    loss= CNNrepository.CrossEntropyLoss(reduction='mean'), 
    optimizer= CNNrepository.SGD(learning_rate=0.1, momentum=0.9, dampening=0.0, weight_decay=0.0005, nesterov=False, maximize=False), 
    scheduler= CNNrepository.CosineAnnealingLR(eta_min=0.0), 
    epochs= 50
    )
",0.9067821105321249,0.6859333117802938,0.6842666268348694,744,5439690,682.4876918792725,False,50,2383.7702672481537,0.0010959512982972918,False,0,1785904838.4602723,3,0.6814000010490417 0.6943999528884888 0.6819999814033508,0.007338460522999503,False False False
bo_step,1,"
Learner(
    model= (
        ((CNNrepository.Conv2d(in_channels=3, out_channels=64, input_size=(32, 32), output_size=(32, 32), kernel_size=(3, 3), stride=1, padding=1, bias=False), 3072, 65536)) ; ((CNNrepository.ReLu(inplace=False), 65536, 65536)) ; ((CNNrepository.Conv2d(in_channels=256, out_channels=64, input_size=(16, 16), output_size=(16, 16), kernel_size=(3, 3), stride=1, padding=1, bias=False), 65536, 16384)) ; ((CNNrepository.Conv2d(in_channels=64, out_channels=128, input_size=(16, 16), output_size=(16, 16), kernel_size=(3, 3), stride=1, padding=1, bias=False), 16384, 32768)) ; (edges(12288) || swap(4096, 512, 3584) || edges(10240) || (CNNrepository.Conv2d(in_channels=256, out_channels=128, input_size=(4, 4), output_size=(4, 4), kernel_size=(3, 3), stride=1, padding=1, bias=False), 4096, 2048) || (CNNrepository.Conv2d(in_channels=128, out_channels=256, input_size=(4, 4), output_size=(4, 4), kernel_size=(3, 3), stride=1, padding=1, bias=False), 2048, 4096)) ; ((CNNrepository.MaxPool2d(in_channels=512, input_size=(8, 8), output_size=(4, 4), kernel_size=(2, 2)), 32768, 8192)) ; ((CNNrepository.Conv2d(in_channels=128, out_channels=256, input_size=(8, 8), output_size=(8, 8), kernel_size=(3, 3), stride=1, padding=1, bias=False), 8192, 16384)) ; ((CNNrepository.Conv2d(in_channels=512, out_channels=256, input_size=(4, 4), output_size=(4, 4), kernel_size=(3, 3), stride=1, padding=1, bias=False), 8192, 4096) || edges(1024) || (CNNrepository.Conv2d(in_channels=128, out_channels=512, input_size=(4, 4), output_size=(4, 4), kernel_size=(3, 3), stride=1, padding=1, bias=False), 2048, 8192) || (CNNrepository.Linear(in_features=512, out_features=512, bias=False), 512, 512) || (CNNrepository.Linear(in_features=512, out_features=512, bias=False), 512, 512) || (CNNrepository.Conv2d(in_channels=256, out_channels=128, input_size=(4, 4), output_size=(4, 4), kernel_size=(3, 3), stride=1, padding=1, bias=False), 4096, 2048)) ; ((CNNrepository.MaxPool2d(in_channels=256, input_size=(8, 8), output_size=(4, 4), kernel_size=(2, 2)), 16384, 4096)) ; ((CNNrepository.Conv2d(in_channels=256, out_channels=512, input_size=(4, 4), output_size=(4, 4), kernel_size=(3, 3), stride=1, padding=1, bias=False), 4096, 8192)) ; (edges(1024) || (CNNrepository.Conv2d(in_channels=256, out_channels=128, input_size=(4, 4), output_size=(4, 4), kernel_size=(3, 3), stride=1, padding=1, bias=False), 4096, 2048) || (CNNrepository.Linear(in_features=512, out_features=512, bias=False), 512, 512) || (CNNrepository.Conv2d(in_channels=128, out_channels=256, input_size=(4, 4), output_size=(4, 4), kernel_size=(3, 3), stride=1, padding=1, bias=False), 2048, 4096) || (CNNrepository.Linear(in_features=512, out_features=512, bias=False), 512, 512)) ; ((CNNrepository.Conv2d(in_channels=512, out_channels=128, input_size=(4, 4), output_size=(4, 4), kernel_size=(3, 3), stride=1, padding=1, bias=False), 8192, 2048)) ; (swap(1024, 512, 512) || (CNNrepository.Linear(in_features=512, out_features=512, bias=False), 512, 512) || (CNNrepository.Linear(in_features=512, out_features=512, bias=False), 512, 512)) ; ((CNNrepository.MaxPool2d(in_channels=512, input_size=(2, 2), output_size=(1, 1), kernel_size=(2, 2)), 2048, 512)) ; ((CNNrepository.Linear(in_features=512, out_features=10, bias=True), 512, 10))
        ), 
    loss= CNNrepository.CrossEntropyLoss(reduction='mean'), 
    optimizer= CNNrepository.SGD(learning_rate=0.1, momentum=0.9, dampening=0.0, weight_decay=0.0005, nesterov=False, maximize=False), 
    scheduler= CNNrepository.CosineAnnealingLR(eta_min=0.0), 
    epochs= 50
    )
",0.7226543426513672,0.7493333220481873,0.7503666480382284,735,7109322,977.2460446357727,False,50,2692.0006153583527,0.03253062659056865,False,0,1785908510.200967,3,0.7540000081062317 0.7477999925613403 0.7461999654769897,0.004119889651546941,False False False
bo_step,2,"
Learner(
    model= (
        ((CNNrepository.Conv2d(in_channels=3, out_channels=64, input_size=(32, 32), output_size=(32, 32), kernel_size=(3, 3), stride=1, padding=1, bias=False), 3072, 65536)) ; ((CNNrepository.BatchNorm2d(in_channels=256, input_size=(16, 16)), 65536, 65536)) ; ((CNNrepository.Conv2d(in_channels=256, out_channels=64, input_size=(16, 16), output_size=(16, 16), kernel_size=(3, 3), stride=1, padding=1, bias=False), 65536, 16384)) ; ((CNNrepository.Conv2d(in_channels=64, out_channels=128, input_size=(16, 16), output_size=(16, 16), kernel_size=(3, 3), stride=1, padding=1, bias=False), 16384, 32768)) ; (edges(20480) || (CNNrepository.Conv2d(in_channels=256, out_channels=512, input_size=(4, 4), output_size=(4, 4), kernel_size=(3, 3), stride=1, padding=1, bias=False), 4096, 8192) || (CNNrepository.Conv2d(in_channels=256, out_channels=128, input_size=(4, 4), output_size=(4, 4), kernel_size=(3, 3), stride=1, padding=1, bias=False), 4096, 2048) || (CNNrepository.Conv2d(in_channels=256, out_channels=128, input_size=(4, 4), output_size=(4, 4), kernel_size=(3, 3), stride=1, padding=1, bias=False), 4096, 2048)) ; ((CNNrepository.MaxPool2d(in_channels=128, input_size=(16, 16), output_size=(8, 8), kernel_size=(2, 2)), 32768, 8192)) ; ((CNNrepository.Conv2d(in_channels=128, out_channels=256, input_size=(8, 8), output_size=(8, 8), kernel_size=(3, 3), stride=1, padding=1, bias=False), 8192, 16384)) ; (swap(4096, 3072, 1024) || swap(10240, 4096, 6144) || edges(1024) || (CNNrepository.Linear(in_features=512, out_features=512, bias=False), 512, 512) || edges(512)) ; ((CNNrepository.MaxPool2d(in_channels=256, input_size=(8, 8), output_size=(4, 4), kernel_size=(2, 2)), 16384, 4096)) ; ((CNNrepository.Conv2d(in_channels=256, out_channels=512, input_size=(4, 4), output_size=(4, 4), kernel_size=(3, 3), stride=1, padding=1, bias=False), 4096, 8192)) ; ((CNNrepository.Conv2d(in_channels=128, out_channels=128, input_size=(4, 4), output_size=(4, 4), kernel_size=(3, 3), stride=1, padding=1, bias=False), 2048, 2048) || (CNNrepository.Conv2d(in_channels=128, out_channels=256, input_size=(4, 4), output_size=(4, 4), kernel_size=(3, 3), stride=1, padding=1, bias=False), 2048, 4096) || (CNNrepository.Conv2d(in_channels=256, out_channels=128, input_size=(4, 4), output_size=(4, 4), kernel_size=(3, 3), stride=1, padding=1, bias=False), 4096, 2048)) ; ((CNNrepository.MaxPool2d(in_channels=512, input_size=(4, 4), output_size=(2, 2), kernel_size=(2, 2)), 8192, 2048)) ; (edges(1024) || (CNNrepository.Linear(in_features=512, out_features=512, bias=False), 512, 512) || edges(512)) ; ((CNNrepository.MaxPool2d(in_channels=512, input_size=(2, 2), output_size=(1, 1), kernel_size=(2, 2)), 2048, 512)) ; ((CNNrepository.Linear(in_features=512, out_features=10, bias=False), 512, 10))
        ), 
    loss= CNNrepository.CrossEntropyLoss(reduction='mean'), 
    optimizer= CNNrepository.SGD(learning_rate=0.1, momentum=0.9, dampening=0.0, weight_decay=0.0005, nesterov=False, maximize=False), 
    scheduler= CNNrepository.CosineAnnealingLR(eta_min=0.0), 
    epochs= 50
    )
",0.8574394385019938,0.7005333105723063,0.6977666616439819,658,4734144,557.5402987003326,False,50,2873.2855854034424,0.04336984616181923,False,0,1785911943.4348714,3,0.7019999623298645 0.7017999887466431 0.6977999806404114,0.002369243918624926,False False False
bo_step,3,"
Learner(
    model= (
        ((CNNrepository.Conv2d(in_channels=3, out_channels=64, input_size=(32, 32), output_size=(32, 32), kernel_size=(3, 3), stride=1, padding=1, bias=False), 3072, 65536)) ; ((CNNrepository.Conv2d(in_channels=64, out_channels=64, input_size=(32, 32), output_size=(32, 32), kernel_size=(3, 3), stride=1, padding=1, bias=False), 65536, 65536)) ; ((CNNrepository.Conv2d(in_channels=256, out_channels=64, input_size=(16, 16), output_size=(16, 16), kernel_size=(3, 3), stride=1, padding=1, bias=False), 65536, 16384)) ; ((CNNrepository.Conv2d(in_channels=64, out_channels=128, input_size=(16, 16), output_size=(16, 16), kernel_size=(3, 3), stride=1, padding=1, bias=False), 16384, 32768)) ; (edges(20480) || swap(3584, 3072, 512) || (CNNrepository.Sigmoid(), 4096, 4096) || (CNNrepository.Tanh(), 4096, 4096) || (CNNrepository.Linear(in_features=512, out_features=512, bias=False), 512, 512)) ; ((CNNrepository.MaxPool2d(in_channels=512, input_size=(8, 8), output_size=(4, 4), kernel_size=(2, 2)), 32768, 8192)) ; ((CNNrepository.Conv2d(in_channels=128, out_channels=256, input_size=(8, 8), output_size=(8, 8), kernel_size=(3, 3), stride=1, padding=1, bias=False), 8192, 16384)) ; (edges(6144) || (CNNrepository.Conv2d(in_channels=256, out_channels=128, input_size=(4, 4), output_size=(4, 4), kernel_size=(3, 3), stride=1, padding=1, bias=False), 4096, 2048) || swap(3072, 512, 2560) || (CNNrepository.Conv2d(in_channels=128, out_channels=256, input_size=(4, 4), output_size=(4, 4), kernel_size=(3, 3), stride=1, padding=1, bias=False), 2048, 4096) || (CNNrepository.Linear(in_features=512, out_features=512, bias=False), 512, 512) || (CNNrepository.Linear(in_features=512, out_features=512, bias=False), 512, 512)) ; ((CNNrepository.MaxPool2d(in_channels=256, input_size=(8, 8), output_size=(4, 4), kernel_size=(2, 2)), 16384, 4096)) ; ((CNNrepository.Conv2d(in_channels=256, out_channels=512, input_size=(4, 4), output_size=(4, 4), kernel_size=(3, 3), stride=1, padding=1, bias=False), 4096, 8192)) ; (swap(3072, 2048, 1024) || edges(5120)) ; ((CNNrepository.MaxPool2d(in_channels=512, input_size=(4, 4), output_size=(2, 2), kernel_size=(2, 2)), 8192, 2048)) ; (edges(1024) || (CNNrepository.Linear(in_features=512, out_features=512, bias=False), 512, 512) || (CNNrepository.Linear(in_features=512, out_features=512, bias=False), 512, 512)) ; ((CNNrepository.MaxPool2d(in_channels=512, input_size=(2, 2), output_size=(1, 1), kernel_size=(2, 2)), 2048, 512)) ; ((CNNrepository.Linear(in_features=512, out_features=10, bias=True), 512, 10))
        ), 
    loss= CNNrepository.CrossEntropyLoss(reduction='mean'), 
    optimizer= CNNrepository.Adam(learning_rate=0.1, betas=(0.9, 0.999), eps=1e-08, weight_decay=0.0005, amsgrad=False, maximize=False, capturable=False, differentiable=False, decoupled_weight_decay=False), 
    scheduler= CNNrepository.CosineAnnealingLR(eta_min=0.0), 
    epochs= 50
    )
",1.202290455500285,0.5706666509310404,0.5711666544278463,681,3640010,443.1277484893799,False,50,3282.578742980957,0.039241986170708926,False,0,1785915671.2947228,3,0.5751999616622925 0.5730000138282776 0.5637999773025513,0.006047590235642478,False False False
bo_step,4,"
Learner(
    model= (
        ((CNNrepository.Conv2d(in_channels=3, out_channels=64, input_size=(32, 32), output_size=(32, 32), kernel_size=(3, 3), stride=1, padding=1, bias=False), 3072, 65536)) ; ((CNNrepository.BatchNorm2d(in_channels=256, input_size=(16, 16)), 65536, 65536)) ; ((CNNrepository.Conv2d(in_channels=256, out_channels=64, input_size=(16, 16), output_size=(16, 16), kernel_size=(3, 3), stride=1, padding=1, bias=False), 65536, 16384)) ; ((CNNrepository.Conv2d(in_channels=64, out_channels=128, input_size=(16, 16), output_size=(16, 16), kernel_size=(3, 3), stride=1, padding=1, bias=False), 16384, 32768)) ; (edges(16384) || (CNNrepository.Conv2d(in_channels=256, out_channels=512, input_size=(4, 4), output_size=(4, 4), kernel_size=(3, 3), stride=1, padding=1, bias=False), 4096, 8192) || swap(1024, 512, 512) || edges(2560) || (CNNrepository.Tanh(), 512, 512) || (CNNrepository.Conv2d(in_channels=256, out_channels=128, input_size=(4, 4), output_size=(4, 4), kernel_size=(3, 3), stride=1, padding=1, bias=False), 4096, 2048) || (CNNrepository.Conv2d(in_channels=256, out_channels=128, input_size=(4, 4), output_size=(4, 4), kernel_size=(3, 3), stride=1, padding=1, bias=False), 4096, 2048)) ; ((CNNrepository.MaxPool2d(in_channels=512, input_size=(8, 8), output_size=(4, 4), kernel_size=(2, 2)), 32768, 8192)) ; ((CNNrepository.Conv2d(in_channels=128, out_channels=256, input_size=(8, 8), output_size=(8, 8), kernel_size=(3, 3), stride=1, padding=1, bias=False), 8192, 16384)) ; ((CNNrepository.Conv2d(in_channels=256, out_channels=512, input_size=(4, 4), output_size=(4, 4), kernel_size=(3, 3), stride=1, padding=1, bias=False), 4096, 8192) || swap(1024, 512, 512) || edges(2560) || (CNNrepository.Linear(in_features=512, out_features=512, bias=False), 512, 512) || (CNNrepository.Conv2d(in_channels=256, out_channels=128, input_size=(4, 4), output_size=(4, 4), kernel_size=(3, 3), stride=1, padding=1, bias=False), 4096, 2048) || (CNNrepository.Conv2d(in_channels=256, out_channels=128, input_size=(4, 4), output_size=(4, 4), kernel_size=(3, 3), stride=1, padding=1, bias=False), 4096, 2048)) ; ((CNNrepository.MaxPool2d(in_channels=256, input_size=(8, 8), output_size=(4, 4), kernel_size=(2, 2)), 16384, 4096)) ; ((CNNrepository.Conv2d(in_channels=256, out_channels=512, input_size=(4, 4), output_size=(4, 4), kernel_size=(3, 3), stride=1, padding=1, bias=False), 4096, 8192)) ; ((CNNrepository.Conv2d(in_channels=256, out_channels=128, input_size=(4, 4), output_size=(4, 4), kernel_size=(3, 3), stride=1, padding=1, bias=False), 4096, 2048) || (CNNrepository.Conv2d(in_channels=128, out_channels=256, input_size=(4, 4), output_size=(4, 4), kernel_size=(3, 3), stride=1, padding=1, bias=False), 2048, 4096) || (CNNrepository.BatchNorm2d(in_channels=512, input_size=(2, 2)), 2048, 2048)) ; ((CNNrepository.MaxPool2d(in_channels=128, input_size=(8, 8), output_size=(4, 4), kernel_size=(2, 2)), 8192, 2048)) ; ((CNNrepository.BatchNorm2d(in_channels=512, input_size=(2, 2)), 2048, 2048)) ; ((CNNrepository.MaxPool2d(in_channels=512, input_size=(2, 2), output_size=(1, 1), kernel_size=(2, 2)), 2048, 512)) ; ((CNNrepository.Linear(in_features=512, out_features=10, bias=False), 512, 10))
        ), 
    loss= CNNrepository.CrossEntropyLoss(reduction='mean'), 
    optimizer= CNNrepository.Adam(learning_rate=0.1, betas=(0.9, 0.999), eps=1e-08, weight_decay=0.0005, amsgrad=False, maximize=False, capturable=False, differentiable=False, decoupled_weight_decay=False), 
    scheduler= CNNrepository.CosineAnnealingLR(eta_min=0.0), 
    epochs= 50
    )
",1.593347708384196,0.4243333339691162,0.4236333171526591,686,6096064,1131.675794839859,False,50,2767.1296124458313,0.047122478343756886,False,0,1785919572.6709127,3,0.44020000100135803 0.4174000024795532 0.4153999984264374,0.0137772764393817,False False False
bo_step,5,"
Learner(
    model= (
        ((CNNrepository.Conv2d(in_channels=3, out_channels=64, input_size=(32, 32), output_size=(32, 32), kernel_size=(3, 3), stride=1, padding=1, bias=False), 3072, 65536)) ; ((CNNrepository.BatchNorm2d(in_channels=256, input_size=(16, 16)), 65536, 65536)) ; ((CNNrepository.Conv2d(in_channels=256, out_channels=64, input_size=(16, 16), output_size=(16, 16), kernel_size=(3, 3), stride=1, padding=1, bias=False), 65536, 16384)) ; ((CNNrepository.Conv2d(in_channels=64, out_channels=128, input_size=(16, 16), output_size=(16, 16), kernel_size=(3, 3), stride=1, padding=1, bias=False), 16384, 32768)) ; (swap(20480, 16896, 3584) || (CNNrepository.Conv2d(in_channels=128, out_channels=256, input_size=(4, 4), output_size=(4, 4), kernel_size=(3, 3), stride=1, padding=1, bias=False), 2048, 4096) || edges(3072) || (CNNrepository.ReLu(inplace=False), 2560, 2560) || (CNNrepository.Conv2d(in_channels=256, out_channels=128, input_size=(4, 4), output_size=(4, 4), kernel_size=(3, 3), stride=1, padding=1, bias=False), 4096, 2048) || (CNNrepository.Linear(in_features=512, out_features=512, bias=False), 512, 512)) ; ((CNNrepository.MaxPool2d(in_channels=512, input_size=(8, 8), output_size=(4, 4), kernel_size=(2, 2)), 32768, 8192)) ; ((CNNrepository.Conv2d(in_channels=128, out_channels=256, input_size=(8, 8), output_size=(8, 8), kernel_size=(3, 3), stride=1, padding=1, bias=False), 8192, 16384)) ; (edges(4096) || (CNNrepository.Conv2d(in_channels=128, out_channels=256, input_size=(4, 4), output_size=(4, 4), kernel_size=(3, 3), stride=1, padding=1, bias=False), 2048, 4096) || edges(3072) || (CNNrepository.Tanh(), 2560, 2560) || (CNNrepository.Conv2d(in_channels=256, out_channels=128, input_size=(4, 4), output_size=(4, 4), kernel_size=(3, 3), stride=1, padding=1, bias=False), 4096, 2048) || (CNNrepository.Linear(in_features=512, out_features=512, bias=False), 512, 512)) ; ((CNNrepository.MaxPool2d(in_channels=256, input_size=(8, 8), output_size=(4, 4), kernel_size=(2, 2)), 16384, 4096)) ; ((CNNrepository.Conv2d(in_channels=256, out_channels=512, input_size=(4, 4), output_size=(4, 4), kernel_size=(3, 3), stride=1, padding=1, bias=False), 4096, 8192)) ; (swap(7168, 1024, 6144) || (CNNrepository.Linear(in_features=512, out_features=512, bias=False), 512, 512) || (CNNrepository.Linear(in_features=512, out_features=512, bias=False), 512, 512)) ; ((CNNrepository.MaxPool2d(in_channels=512, input_size=(4, 4), output_size=(2, 2), kernel_size=(2, 2)), 8192, 2048)) ; ((CNNrepository.Conv2d(in_channels=128, out_channels=128, input_size=(4, 4), output_size=(4, 4), kernel_size=(3, 3), stride=1, padding=1, bias=False), 2048, 2048)) ; ((CNNrepository.MaxPool2d(in_channels=512, input_size=(2, 2), output_size=(1, 1), kernel_size=(2, 2)), 2048, 512)) ; ((CNNrepository.Linear(in_features=512, out_features=10, bias=True), 512, 10))
        ), 
    loss= CNNrepository.CrossEntropyLoss(reduction='mean'), 
    optimizer= CNNrepository.SGD(learning_rate=0.1, momentum=0.9, dampening=0.0, weight_decay=0.0005, nesterov=False, maximize=False), 
    scheduler= CNNrepository.CosineAnnealingLR(eta_min=0.0), 
    epochs= 50
    )
",0.8129205703735352,0.7191999753316244,0.7121999661127726,665,4078794,1106.5256259441376,False,50,2430.711685657501,0.030988641796637302,False,0,1785923112.1814864,3,0.7170000076293945 0.715999960899353 0.7245999574661255,0.004703177506246738,False False False
bo_step,6,"
Learner(
    model= (
        ((CNNrepository.Conv2d(in_channels=3, out_channels=64, input_size=(32, 32), output_size=(32, 32), kernel_size=(3, 3), stride=1, padding=1, bias=False), 3072, 65536)) ; ((CNNrepository.ReLu(inplace=False), 65536, 65536)) ; ((CNNrepository.Conv2d(in_channels=256, out_channels=64, input_size=(16, 16), output_size=(16, 16), kernel_size=(3, 3), stride=1, padding=1, bias=False), 65536, 16384)) ; ((CNNrepository.Conv2d(in_channels=64, out_channels=128, input_size=(16, 16), output_size=(16, 16), kernel_size=(3, 3), stride=1, padding=1, bias=False), 16384, 32768)) ; (edges(24576) || (CNNrepository.Conv2d(in_channels=256, out_channels=128, input_size=(4, 4), output_size=(4, 4), kernel_size=(3, 3), stride=1, padding=1, bias=False), 4096, 2048) || edges(1024) || (CNNrepository.Conv2d(in_channels=128, out_channels=256, input_size=(4, 4), output_size=(4, 4), kernel_size=(3, 3), stride=1, padding=1, bias=False), 2048, 4096) || (CNNrepository.Linear(in_features=512, out_features=512, bias=False), 512, 512) || (CNNrepository.Linear(in_features=512, out_features=512, bias=False), 512, 512)) ; ((CNNrepository.MaxPool2d(in_channels=512, input_size=(8, 8), output_size=(4, 4), kernel_size=(2, 2)), 32768, 8192)) ; ((CNNrepository.Conv2d(in_channels=128, out_channels=256, input_size=(8, 8), output_size=(8, 8), kernel_size=(3, 3), stride=1, padding=1, bias=False), 8192, 16384)) ; ((CNNrepository.ReLu(inplace=False), 4096, 4096) || swap(12288, 5120, 7168)) ; ((CNNrepository.MaxPool2d(in_channels=64, input_size=(16, 16), output_size=(8, 8), kernel_size=(2, 2)), 16384, 4096)) ; ((CNNrepository.Conv2d(in_channels=256, out_channels=512, input_size=(4, 4), output_size=(4, 4), kernel_size=(3, 3), stride=1, padding=1, bias=False), 4096, 8192)) ; ((CNNrepository.Conv2d(in_channels=256, out_channels=128, input_size=(4, 4), output_size=(4, 4), kernel_size=(3, 3), stride=1, padding=1, bias=False), 4096, 2048) || edges(1024) || (CNNrepository.Conv2d(in_channels=128, out_channels=256, input_size=(4, 4), output_size=(4, 4), kernel_size=(3, 3), stride=1, padding=1, bias=False), 2048, 4096) || (CNNrepository.Linear(in_features=512, out_features=512, bias=False), 512, 512) || (CNNrepository.Linear(in_features=512, out_features=512, bias=False), 512, 512)) ; ((CNNrepository.Conv2d(in_channels=512, out_channels=128, input_size=(4, 4), output_size=(4, 4), kernel_size=(3, 3), stride=1, padding=1, bias=False), 8192, 2048)) ; (edges(1024) || (CNNrepository.Linear(in_features=512, out_features=512, bias=False), 512, 512) || (CNNrepository.Linear(in_features=512, out_features=512, bias=False), 512, 512)) ; ((CNNrepository.MaxPool2d(in_channels=128, input_size=(4, 4), output_size=(2, 2), kernel_size=(2, 2)), 2048, 512)) ; ((CNNrepository.Linear(in_features=512, out_features=10, bias=True), 512, 10))
        ), 
    loss= CNNrepository.CrossEntropyLoss(reduction='mean'), 
    optimizer= CNNrepository.SGD(learning_rate=0.1, momentum=0.9, dampening=0.0, weight_decay=0.0005, nesterov=False, maximize=False), 
    scheduler= CNNrepository.CosineAnnealingLR(eta_min=0.0), 
    epochs= 50
    )
",0.7247114578882853,0.7476666569709778,0.7461333076159159,663,5044938,607.1718661785126,False,50,1693.8414220809937,0.03393344782661351,False,0,1785925415.1110282,3,0.7495999932289124 0.7509999871253967 0.7423999905586243,0.0046144693142124,False False False
bo_step,7,"
Learner(
    model= (
        ((CNNrepository.Conv2d(in_channels=3, out_channels=64, input_size=(32, 32), output_size=(32, 32), kernel_size=(3, 3), stride=1, padding=1, bias=False), 3072, 65536)) ; ((CNNrepository.BatchNorm2d(in_channels=256, input_size=(16, 16)), 65536, 65536)) ; ((CNNrepository.Conv2d(in_channels=256, out_channels=64, input_size=(16, 16), output_size=(16, 16), kernel_size=(3, 3), stride=1, padding=1, bias=False), 65536, 16384)) ; ((CNNrepository.Conv2d(in_channels=64, out_channels=128, input_size=(16, 16), output_size=(16, 16), kernel_size=(3, 3), stride=1, padding=1, bias=False), 16384, 32768)) ; (edges(24576) || (CNNrepository.Conv2d(in_channels=256, out_channels=128, input_size=(4, 4), output_size=(4, 4), kernel_size=(3, 3), stride=1, padding=1, bias=False), 4096, 2048) || edges(2048) || (CNNrepository.Conv2d(in_channels=128, out_channels=256, input_size=(4, 4), output_size=(4, 4), kernel_size=(3, 3), stride=1, padding=1, bias=False), 2048, 4096)) ; ((CNNrepository.MaxPool2d(in_channels=512, input_size=(8, 8), output_size=(4, 4), kernel_size=(2, 2)), 32768, 8192)) ; ((CNNrepository.Conv2d(in_channels=128, out_channels=256, input_size=(8, 8), output_size=(8, 8), kernel_size=(3, 3), stride=1, padding=1, bias=False), 8192, 16384)) ; ((CNNrepository.ReLu(inplace=False), 6144, 6144) || edges(10240)) ; ((CNNrepository.MaxPool2d(in_channels=256, input_size=(8, 8), output_size=(4, 4), kernel_size=(2, 2)), 16384, 4096)) ; ((CNNrepository.Conv2d(in_channels=256, out_channels=512, input_size=(4, 4), output_size=(4, 4), kernel_size=(3, 3), stride=1, padding=1, bias=False), 4096, 8192)) ; (edges(1024) || (CNNrepository.Conv2d(in_channels=256, out_channels=128, input_size=(4, 4), output_size=(4, 4), kernel_size=(3, 3), stride=1, padding=1, bias=False), 4096, 2048) || (CNNrepository.Conv2d(in_channels=128, out_channels=256, input_size=(4, 4), output_size=(4, 4), kernel_size=(3, 3), stride=1, padding=1, bias=False), 2048, 4096) || edges(512) || (CNNrepository.Linear(in_features=512, out_features=512, bias=False), 512, 512)) ; ((CNNrepository.Conv2d(in_channels=512, out_channels=128, input_size=(4, 4), output_size=(4, 4), kernel_size=(3, 3), stride=1, padding=1, bias=False), 8192, 2048)) ; ((CNNrepository.Sigmoid(), 1024, 1024) || edges(512) || (CNNrepository.Linear(in_features=512, out_features=512, bias=False), 512, 512)) ; ((CNNrepository.MaxPool2d(in_channels=512, input_size=(2, 2), output_size=(1, 1), kernel_size=(2, 2)), 2048, 512)) ; ((CNNrepository.Linear(in_features=512, out_features=10, bias=True), 512, 10))
        ), 
    loss= CNNrepository.CrossEntropyLoss(reduction='mean'), 
    optimizer= CNNrepository.SGD(learning_rate=0.1, momentum=0.9, dampening=0.0, weight_decay=0.0005, nesterov=False, maximize=False), 
    scheduler= CNNrepository.CosineAnnealingLR(eta_min=0.0), 
    epochs= 50
    )
",0.8448082009951273,0.7068666418393453,0.7075666387875875,626,3996874,581.7441735267639,False,50,1755.0909719467163,0.024974043063767045,False,0,1785927753.800051,3,0.7091999650001526 0.7027999758720398 0.7085999846458435,0.0035345895339656914,False False False
bo_step,8,"
Learner(
    model= (
        ((CNNrepository.Conv2d(in_channels=3, out_channels=64, input_size=(32, 32), output_size=(32, 32), kernel_size=(3, 3), stride=1, padding=1, bias=False), 3072, 65536)) ; ((CNNrepository.Conv2d(in_channels=64, out_channels=64, input_size=(32, 32), output_size=(32, 32), kernel_size=(3, 3), stride=1, padding=1, bias=False), 65536, 65536)) ; ((CNNrepository.MaxPool2d(in_channels=64, input_size=(32, 32), output_size=(16, 16), kernel_size=(2, 2)), 65536, 16384)) ; ((CNNrepository.Conv2d(in_channels=64, out_channels=128, input_size=(16, 16), output_size=(16, 16), kernel_size=(3, 3), stride=1, padding=1, bias=False), 16384, 32768)) ; (edges(24576) || (CNNrepository.Conv2d(in_channels=256, out_channels=128, input_size=(4, 4), output_size=(4, 4), kernel_size=(3, 3), stride=1, padding=1, bias=False), 4096, 2048) || (CNNrepository.Conv2d(in_channels=128, out_channels=256, input_size=(4, 4), output_size=(4, 4), kernel_size=(3, 3), stride=1, padding=1, bias=False), 2048, 4096) || edges(2048)) ; ((CNNrepository.MaxPool2d(in_channels=512, input_size=(8, 8), output_size=(4, 4), kernel_size=(2, 2)), 32768, 8192)) ; ((CNNrepository.Conv2d(in_channels=128, out_channels=256, input_size=(8, 8), output_size=(8, 8), kernel_size=(3, 3), stride=1, padding=1, bias=False), 8192, 16384)) ; (edges(6144) || (CNNrepository.Conv2d(in_channels=256, out_channels=128, input_size=(4, 4), output_size=(4, 4), kernel_size=(3, 3), stride=1, padding=1, bias=False), 4096, 2048) || edges(3584) || (CNNrepository.Conv2d(in_channels=128, out_channels=256, input_size=(4, 4), output_size=(4, 4), kernel_size=(3, 3), stride=1, padding=1, bias=False), 2048, 4096) || (CNNrepository.Linear(in_features=512, out_features=512, bias=False), 512, 512)) ; ((CNNrepository.MaxPool2d(in_channels=256, input_size=(8, 8), output_size=(4, 4), kernel_size=(2, 2)), 16384, 4096)) ; ((CNNrepository.Conv2d(in_channels=256, out_channels=512, input_size=(4, 4), output_size=(4, 4), kernel_size=(3, 3), stride=1, padding=1, bias=False), 4096, 8192)) ; ((CNNrepository.Conv2d(in_channels=256, out_channels=128, input_size=(4, 4), output_size=(4, 4), kernel_size=(3, 3), stride=1, padding=1, bias=False), 4096, 2048) || (CNNrepository.Conv2d(in_channels=128, out_channels=256, input_size=(4, 4), output_size=(4, 4), kernel_size=(3, 3), stride=1, padding=1, bias=False), 2048, 4096) || edges(2048)) ; ((CNNrepository.Conv2d(in_channels=512, out_channels=128, input_size=(4, 4), output_size=(4, 4), kernel_size=(3, 3), stride=1, padding=1, bias=False), 8192, 2048)) ; (edges(1024) || (CNNrepository.Linear(in_features=512, out_features=512, bias=False), 512, 512) || (CNNrepository.Linear(in_features=512, out_features=512, bias=False), 512, 512)) ; ((CNNrepository.MaxPool2d(in_channels=512, input_size=(2, 2), output_size=(1, 1), kernel_size=(2, 2)), 2048, 512)) ; ((CNNrepository.Linear(in_features=512, out_features=10, bias=True), 512, 10))
        ), 
    loss= CNNrepository.CrossEntropyLoss(reduction='mean'), 
    optimizer= CNNrepository.SGD(learning_rate=0.1, momentum=0.9, dampening=0.0, weight_decay=0.0005, nesterov=False, maximize=False), 
    scheduler= CNNrepository.CosineAnnealingLR(eta_min=0.0), 
    epochs= 50
    )
",0.4756321609020233,0.8451333045959473,0.8387999534606934,647,4737738,386.4438683986664,False,50,1782.2903504371643,0.03362984336132177,False,0,1785929924.134552,3,0.8453999757766724 0.8455999493598938 0.8443999886512756,0.0006428931206109146,False False False
bo_step,9,"
Learner(
    model= (
        ((CNNrepository.Conv2d(in_channels=3, out_channels=64, input_size=(32, 32), output_size=(32, 32), kernel_size=(3, 3), stride=1, padding=1, bias=False), 3072, 65536)) ; ((CNNrepository.BatchNorm2d(in_channels=256, input_size=(16, 16)), 65536, 65536)) ; ((CNNrepository.MaxPool2d(in_channels=64, input_size=(32, 32), output_size=(16, 16), kernel_size=(2, 2)), 65536, 16384)) ; ((CNNrepository.Conv2d(in_channels=64, out_channels=128, input_size=(16, 16), output_size=(16, 16), kernel_size=(3, 3), stride=1, padding=1, bias=False), 16384, 32768)) ; (swap(8192, 2048, 6144) || swap(16384, 12288, 4096) || edges(3584) || (CNNrepository.Linear(in_features=512, out_features=512, bias=False), 512, 512) || edges(4096)) ; ((CNNrepository.MaxPool2d(in_channels=512, input_size=(8, 8), output_size=(4, 4), kernel_size=(2, 2)), 32768, 8192)) ; ((CNNrepository.Conv2d(in_channels=128, out_channels=256, input_size=(8, 8), output_size=(8, 8), kernel_size=(3, 3), stride=1, padding=1, bias=False), 8192, 16384)) ; (edges(4096) || (CNNrepository.Conv2d(in_channels=128, out_channels=64, input_size=(8, 8), output_size=(8, 8), kernel_size=(3, 3), stride=1, padding=1, bias=False), 8192, 4096) || (CNNrepository.Conv2d(in_channels=128, out_channels=256, input_size=(4, 4), output_size=(4, 4), kernel_size=(3, 3), stride=1, padding=1, bias=False), 2048, 4096) || (CNNrepository.Conv2d(in_channels=128, out_channels=256, input_size=(4, 4), output_size=(4, 4), kernel_size=(3, 3), stride=1, padding=1, bias=False), 2048, 4096)) ; ((CNNrepository.MaxPool2d(in_channels=64, input_size=(16, 16), output_size=(8, 8), kernel_size=(2, 2)), 16384, 4096)) ; ((CNNrepository.Conv2d(in_channels=256, out_channels=512, input_size=(4, 4), output_size=(4, 4), kernel_size=(3, 3), stride=1, padding=1, bias=False), 4096, 8192)) ; (edges(3584) || (CNNrepository.Linear(in_features=512, out_features=512, bias=False), 512, 512) || edges(4096)) ; ((CNNrepository.Conv2d(in_channels=512, out_channels=128, input_size=(4, 4), output_size=(4, 4), kernel_size=(3, 3), stride=1, padding=1, bias=False), 8192, 2048)) ; (swap(1024, 512, 512) || edges(512) || (CNNrepository.Linear(in_features=512, out_features=512, bias=False), 512, 512)) ; ((CNNrepository.MaxPool2d(in_channels=512, input_size=(2, 2), output_size=(1, 1), kernel_size=(2, 2)), 2048, 512)) ; ((CNNrepository.Linear(in_features=512, out_features=10, bias=True), 512, 10))
        ), 
    loss= CNNrepository.CrossEntropyLoss(reduction='mean'), 
    optimizer= CNNrepository.SGD(learning_rate=0.1, momentum=0.9, dampening=0.0, weight_decay=0.0005, nesterov=False, maximize=False), 
    scheduler= CNNrepository.CosineAnnealingLR(eta_min=0.0), 
    epochs= 50
    )
",0.5760916471481323,0.8057999809583029,0.8020333250363668,674,3595466,526.934253692627,False,50,2051.2769231796265,0.010951950884384595,False,0,1785932504.4993336,3,0.8154000043869019 0.8079999685287476 0.793999969959259,0.010868317595592154,False False False
bo_step,10,"
Learner(
    model= (
        ((CNNrepository.Conv2d(in_channels=3, out_channels=64, input_size=(32, 32), output_size=(32, 32), kernel_size=(3, 3), stride=1, padding=1, bias=False), 3072, 65536)) ; ((CNNrepository.Conv2d(in_channels=64, out_channels=64, input_size=(32, 32), output_size=(32, 32), kernel_size=(3, 3), stride=1, padding=1, bias=False), 65536, 65536)) ; ((CNNrepository.MaxPool2d(in_channels=64, input_size=(32, 32), output_size=(16, 16), kernel_size=(2, 2)), 65536, 16384)) ; ((CNNrepository.Conv2d(in_channels=64, out_channels=128, input_size=(16, 16), output_size=(16, 16), kernel_size=(3, 3), stride=1, padding=1, bias=False), 16384, 32768)) ; ((CNNrepository.Conv2d(in_channels=256, out_channels=128, input_size=(8, 8), output_size=(8, 8), kernel_size=(3, 3), stride=1, padding=1, bias=False), 16384, 8192) || swap(6144, 5120, 1024) || edges(2048) || (CNNrepository.Conv2d(in_channels=256, out_channels=512, input_size=(4, 4), output_size=(4, 4), kernel_size=(3, 3), stride=1, padding=1, bias=False), 4096, 8192) || (CNNrepository.Conv2d(in_channels=128, out_channels=256, input_size=(4, 4), output_size=(4, 4), kernel_size=(3, 3), stride=1, padding=1, bias=False), 2048, 4096) || (CNNrepository.Conv2d(in_channels=128, out_channels=256, input_size=(4, 4), output_size=(4, 4), kernel_size=(3, 3), stride=1, padding=1, bias=False), 2048, 4096)) ; ((CNNrepository.MaxPool2d(in_channels=512, input_size=(8, 8), output_size=(4, 4), kernel_size=(2, 2)), 32768, 8192)) ; ((CNNrepository.Conv2d(in_channels=128, out_channels=256, input_size=(8, 8), output_size=(8, 8), kernel_size=(3, 3), stride=1, padding=1, bias=False), 8192, 16384)) ; (edges(12288) || swap(3584, 1024, 2560) || (CNNrepository.Linear(in_features=512, out_features=512, bias=False), 512, 512)) ; ((CNNrepository.MaxPool2d(in_channels=256, input_size=(8, 8), output_size=(4, 4), kernel_size=(2, 2)), 16384, 4096)) ; ((CNNrepository.Conv2d(in_channels=256, out_channels=512, input_size=(4, 4), output_size=(4, 4), kernel_size=(3, 3), stride=1, padding=1, bias=False), 4096, 8192)) ; (edges(1024) || (CNNrepository.Conv2d(in_channels=128, out_channels=256, input_size=(4, 4), output_size=(4, 4), kernel_size=(3, 3), stride=1, padding=1, bias=False), 2048, 4096) || (CNNrepository.Conv2d(in_channels=256, out_channels=128, input_size=(4, 4), output_size=(4, 4), kernel_size=(3, 3), stride=1, padding=1, bias=False), 4096, 2048) || (CNNrepository.Linear(in_features=512, out_features=512, bias=False), 512, 512) || (CNNrepository.Linear(in_features=512, out_features=512, bias=False), 512, 512)) ; ((CNNrepository.Conv2d(in_channels=512, out_channels=128, input_size=(4, 4), output_size=(4, 4), kernel_size=(3, 3), stride=1, padding=1, bias=False), 8192, 2048)) ; ((CNNrepository.Conv2d(in_channels=128, out_channels=128, input_size=(4, 4), output_size=(4, 4), kernel_size=(3, 3), stride=1, padding=1, bias=False), 2048, 2048)) ; ((CNNrepository.MaxPool2d(in_channels=512, input_size=(2, 2), output_size=(1, 1), kernel_size=(2, 2)), 2048, 512)) ; ((CNNrepository.Linear(in_features=512, out_features=10, bias=True), 512, 10))
        ), 
    loss= CNNrepository.CrossEntropyLoss(reduction='mean'), 
    optimizer= CNNrepository.SGD(learning_rate=0.1, momentum=0.9, dampening=0.0, weight_decay=0.0005, nesterov=False, maximize=False), 
    scheduler= CNNrepository.CosineAnnealingLR(eta_min=0.0), 
    epochs= 50
    )
",0.48429616292317706,0.8433999816576639,0.8376333117485046,644,5769930,776.1319448947906,False,50,1864.395924091339,0.023156347312008115,False,0,1785935147.1293895,3,0.8447999954223633 0.8429999947547913 0.8423999547958374,0.0012490159703126165,False False False
bo_step,11,"
Learner(
    model= (
        ((CNNrepository.Conv2d(in_channels=3, out_channels=64, input_size=(32, 32), output_size=(32, 32), kernel_size=(3, 3), stride=1, padding=1, bias=False), 3072, 65536)) ; ((CNNrepository.BatchNorm2d(in_channels=256, input_size=(16, 16)), 65536, 65536)) ; ((CNNrepository.MaxPool2d(in_channels=64, input_size=(32, 32), output_size=(16, 16), kernel_size=(2, 2)), 65536, 16384)) ; ((CNNrepository.Conv2d(in_channels=64, out_channels=128, input_size=(16, 16), output_size=(16, 16), kernel_size=(3, 3), stride=1, padding=1, bias=False), 16384, 32768)) ; (edges(16384) || (CNNrepository.Conv2d(in_channels=512, out_channels=256, input_size=(4, 4), output_size=(4, 4), kernel_size=(3, 3), stride=1, padding=1, bias=False), 8192, 4096) || edges(3584) || (CNNrepository.Linear(in_features=512, out_features=512, bias=False), 512, 512) || (CNNrepository.Conv2d(in_channels=128, out_channels=256, input_size=(4, 4), output_size=(4, 4), kernel_size=(3, 3), stride=1, padding=1, bias=False), 2048, 4096) || (CNNrepository.Conv2d(in_channels=128, out_channels=256, input_size=(4, 4), output_size=(4, 4), kernel_size=(3, 3), stride=1, padding=1, bias=False), 2048, 4096)) ; ((CNNrepository.MaxPool2d(in_channels=512, input_size=(8, 8), output_size=(4, 4), kernel_size=(2, 2)), 32768, 8192)) ; ((CNNrepository.Conv2d(in_channels=128, out_channels=256, input_size=(8, 8), output_size=(8, 8), kernel_size=(3, 3), stride=1, padding=1, bias=False), 8192, 16384)) ; (swap(8192, 4096, 4096) || edges(3584) || (CNNrepository.Linear(in_features=512, out_features=512, bias=False), 512, 512) || swap(3072, 2048, 1024) || edges(512) || (CNNrepository.Linear(in_features=512, out_features=512, bias=False), 512, 512)) ; ((CNNrepository.MaxPool2d(in_channels=256, input_size=(8, 8), output_size=(4, 4), kernel_size=(2, 2)), 16384, 4096)) ; ((CNNrepository.Conv2d(in_channels=256, out_channels=512, input_size=(4, 4), output_size=(4, 4), kernel_size=(3, 3), stride=1, padding=1, bias=False), 4096, 8192)) ; (edges(3584) || (CNNrepository.Linear(in_features=512, out_features=512, bias=False), 512, 512) || swap(3072, 2048, 1024) || edges(512) || (CNNrepository.Linear(in_features=512, out_features=512, bias=False), 512, 512)) ; ((CNNrepository.Conv2d(in_channels=512, out_channels=128, input_size=(4, 4), output_size=(4, 4), kernel_size=(3, 3), stride=1, padding=1, bias=False), 8192, 2048)) ; (swap(1024, 512, 512) || edges(512) || (CNNrepository.Linear(in_features=512, out_features=512, bias=False), 512, 512)) ; ((CNNrepository.MaxPool2d(in_channels=512, input_size=(2, 2), output_size=(1, 1), kernel_size=(2, 2)), 2048, 512)) ; ((CNNrepository.Linear(in_features=512, out_features=10, bias=True), 512, 10))
        ), 
    loss= CNNrepository.CrossEntropyLoss(reduction='mean'), 
    optimizer= CNNrepository.SGD(learning_rate=0.1, momentum=0.9, dampening=0.0, weight_decay=0.0005, nesterov=False, maximize=False), 
    scheduler= CNNrepository.CosineAnnealingLR(eta_min=0.0), 
    epochs= 50
    )
",0.5338405966758728,0.8203999797503153,0.8157333135604858,795,5487818,657.15469622612,False,50,1818.303193807602,0.028102071884305947,False,0,1785937624.5404184,3,0.8291999697685242 0.8101999759674072 0.8217999935150146,0.009577054349675124,False False False
bo_step,12,"
Learner(
    model= (
        ((CNNrepository.Conv2d(in_channels=3, out_channels=64, input_size=(32, 32), output_size=(32, 32), kernel_size=(3, 3), stride=1, padding=1, bias=False), 3072, 65536)) ; ((CNNrepository.BatchNorm2d(in_channels=256, input_size=(16, 16)), 65536, 65536)) ; ((CNNrepository.MaxPool2d(in_channels=64, input_size=(32, 32), output_size=(16, 16), kernel_size=(2, 2)), 65536, 16384)) ; ((CNNrepository.Conv2d(in_channels=64, out_channels=128, input_size=(16, 16), output_size=(16, 16), kernel_size=(3, 3), stride=1, padding=1, bias=False), 16384, 32768)) ; (swap(20480, 16384, 4096) || edges(4096) || (CNNrepository.Conv2d(in_channels=256, out_channels=128, input_size=(4, 4), output_size=(4, 4), kernel_size=(3, 3), stride=1, padding=1, bias=False), 4096, 2048) || (CNNrepository.Conv2d(in_channels=128, out_channels=128, input_size=(4, 4), output_size=(4, 4), kernel_size=(3, 3), stride=1, padding=1, bias=False), 2048, 2048) || (CNNrepository.Conv2d(in_channels=128, out_channels=256, input_size=(4, 4), output_size=(4, 4), kernel_size=(3, 3), stride=1, padding=1, bias=False), 2048, 4096)) ; ((CNNrepository.MaxPool2d(in_channels=512, input_size=(8, 8), output_size=(4, 4), kernel_size=(2, 2)), 32768, 8192)) ; ((CNNrepository.Conv2d(in_channels=128, out_channels=256, input_size=(8, 8), output_size=(8, 8), kernel_size=(3, 3), stride=1, padding=1, bias=False), 8192, 16384)) ; ((CNNrepository.Conv2d(in_channels=512, out_channels=256, input_size=(4, 4), output_size=(4, 4), kernel_size=(3, 3), stride=1, padding=1, bias=False), 8192, 4096) || edges(2048) || (CNNrepository.Conv2d(in_channels=128, out_channels=128, input_size=(4, 4), output_size=(4, 4), kernel_size=(3, 3), stride=1, padding=1, bias=False), 2048, 2048) || (CNNrepository.Conv2d(in_channels=128, out_channels=256, input_size=(4, 4), output_size=(4, 4), kernel_size=(3, 3), stride=1, padding=1, bias=False), 2048, 4096) || (CNNrepository.Conv2d(in_channels=128, out_channels=256, input_size=(4, 4), output_size=(4, 4), kernel_size=(3, 3), stride=1, padding=1, bias=False), 2048, 4096)) ; ((CNNrepository.MaxPool2d(in_channels=64, input_size=(16, 16), output_size=(8, 8), kernel_size=(2, 2)), 16384, 4096)) ; ((CNNrepository.Conv2d(in_channels=256, out_channels=512, input_size=(4, 4), output_size=(4, 4), kernel_size=(3, 3), stride=1, padding=1, bias=False), 4096, 8192)) ; (edges(6144) || (CNNrepository.Conv2d(in_channels=128, out_channels=128, input_size=(4, 4), output_size=(4, 4), kernel_size=(3, 3), stride=1, padding=1, bias=False), 2048, 2048)) ; ((CNNrepository.Conv2d(in_channels=512, out_channels=128, input_size=(4, 4), output_size=(4, 4), kernel_size=(3, 3), stride=1, padding=1, bias=False), 8192, 2048)) ; (edges(1024) || (CNNrepository.Linear(in_features=512, out_features=512, bias=False), 512, 512) || (CNNrepository.Linear(in_features=512, out_features=512, bias=False), 512, 512)) ; ((CNNrepository.MaxPool2d(in_channels=512, input_size=(2, 2), output_size=(1, 1), kernel_size=(2, 2)), 2048, 512)) ; ((CNNrepository.Linear(in_features=512, out_features=10, bias=True), 512, 10))
        ), 
    loss= CNNrepository.CrossEntropyLoss(reduction='mean'), 
    optimizer= CNNrepository.SGD(learning_rate=0.1, momentum=0.9, dampening=0.0, weight_decay=0.0005, nesterov=False, maximize=False), 
    scheduler= CNNrepository.CosineAnnealingLR(eta_min=0.0), 
    epochs= 50
    )
",0.5819411277770996,0.8035999735196432,0.7946666479110718,642,5471434,601.3888711929321,False,50,2051.120506286621,0.026625560007923356,False,0,1785940278.9760876,3,0.8007999658584595 0.8079999685287476 0.8019999861717224,0.0038574576145654167,False False False
bo_step,13,"
Learner(
    model= (
        ((CNNrepository.Conv2d(in_channels=3, out_channels=64, input_size=(32, 32), output_size=(32, 32), kernel_size=(3, 3), stride=1, padding=1, bias=False), 3072, 65536)) ; ((CNNrepository.BatchNorm2d(in_channels=256, input_size=(16, 16)), 65536, 65536)) ; ((CNNrepository.MaxPool2d(in_channels=64, input_size=(32, 32), output_size=(16, 16), kernel_size=(2, 2)), 65536, 16384)) ; ((CNNrepository.Conv2d(in_channels=64, out_channels=128, input_size=(16, 16), output_size=(16, 16), kernel_size=(3, 3), stride=1, padding=1, bias=False), 16384, 32768)) ; (swap(12288, 11264, 1024) || edges(1024) || swap(7168, 3072, 4096) || edges(12288)) ; ((CNNrepository.MaxPool2d(in_channels=512, input_size=(8, 8), output_size=(4, 4), kernel_size=(2, 2)), 32768, 8192)) ; ((CNNrepository.Conv2d(in_channels=128, out_channels=256, input_size=(8, 8), output_size=(8, 8), kernel_size=(3, 3), stride=1, padding=1, bias=False), 8192, 16384)) ; (edges(12288) || swap(1024, 512, 512) || (CNNrepository.Linear(in_features=512, out_features=512, bias=False), 512, 512) || edges(2560)) ; ((CNNrepository.MaxPool2d(in_channels=256, input_size=(8, 8), output_size=(4, 4), kernel_size=(2, 2)), 16384, 4096)) ; ((CNNrepository.Conv2d(in_channels=256, out_channels=512, input_size=(4, 4), output_size=(4, 4), kernel_size=(3, 3), stride=1, padding=1, bias=False), 4096, 8192)) ; (edges(2048) || (CNNrepository.Conv2d(in_channels=128, out_channels=128, input_size=(4, 4), output_size=(4, 4), kernel_size=(3, 3), stride=1, padding=1, bias=False), 2048, 2048) || swap(1024, 512, 512) || (CNNrepository.Linear(in_features=512, out_features=512, bias=False), 512, 512) || (CNNrepository.Conv2d(in_channels=128, out_channels=128, input_size=(4, 4), output_size=(4, 4), kernel_size=(3, 3), stride=1, padding=1, bias=False), 2048, 2048) || (CNNrepository.Linear(in_features=512, out_features=512, bias=False), 512, 512)) ; ((CNNrepository.Conv2d(in_channels=512, out_channels=128, input_size=(4, 4), output_size=(4, 4), kernel_size=(3, 3), stride=1, padding=1, bias=False), 8192, 2048)) ; (edges(1024) || (CNNrepository.Linear(in_features=512, out_features=512, bias=False), 512, 512) || (CNNrepository.Linear(in_features=512, out_features=512, bias=False), 512, 512)) ; ((CNNrepository.MaxPool2d(in_channels=128, input_size=(4, 4), output_size=(2, 2), kernel_size=(2, 2)), 2048, 512)) ; ((CNNrepository.Linear(in_features=512, out_features=10, bias=True), 512, 10))
        ), 
    loss= CNNrepository.CrossEntropyLoss(reduction='mean'), 
    optimizer= CNNrepository.SGD(learning_rate=0.1, momentum=0.9, dampening=0.0, weight_decay=0.0005, nesterov=False, maximize=False), 
    scheduler= CNNrepository.CosineAnnealingLR(eta_min=0.0), 
    epochs= 50
    )
",0.5856884916623434,0.8001333276430765,0.7981666525204977,725,3751114,574.9658997058868,False,50,1826.7345538139343,0.02427034035079641,False,0,1785942682.514651,3,0.8014000058174133 0.8001999855041504 0.798799991607666,0.0013012881792878123,False False False
bo_step,14,"
Learner(
    model= (
        ((CNNrepository.Conv2d(in_channels=3, out_channels=64, input_size=(32, 32), output_size=(32, 32), kernel_size=(3, 3), stride=1, padding=1, bias=False), 3072, 65536)) ; ((CNNrepository.Conv2d(in_channels=64, out_channels=64, input_size=(32, 32), output_size=(32, 32), kernel_size=(3, 3), stride=1, padding=1, bias=False), 65536, 65536)) ; ((CNNrepository.MaxPool2d(in_channels=64, input_size=(32, 32), output_size=(16, 16), kernel_size=(2, 2)), 65536, 16384)) ; ((CNNrepository.Conv2d(in_channels=64, out_channels=128, input_size=(16, 16), output_size=(16, 16), kernel_size=(3, 3), stride=1, padding=1, bias=False), 16384, 32768)) ; (swap(24576, 16384, 8192) || swap(7168, 3584, 3584) || (CNNrepository.Linear(in_features=512, out_features=512, bias=False), 512, 512) || (CNNrepository.Linear(in_features=512, out_features=512, bias=False), 512, 512)) ; ((CNNrepository.MaxPool2d(in_channels=512, input_size=(8, 8), output_size=(4, 4), kernel_size=(2, 2)), 32768, 8192)) ; ((CNNrepository.Conv2d(in_channels=128, out_channels=256, input_size=(8, 8), output_size=(8, 8), kernel_size=(3, 3), stride=1, padding=1, bias=False), 8192, 16384)) ; ((CNNrepository.Conv2d(in_channels=256, out_channels=512, input_size=(4, 4), output_size=(4, 4), kernel_size=(3, 3), stride=1, padding=1, bias=False), 4096, 8192) || (CNNrepository.Conv2d(in_channels=512, out_channels=128, input_size=(4, 4), output_size=(4, 4), kernel_size=(3, 3), stride=1, padding=1, bias=False), 8192, 2048) || swap(1024, 512, 512) || (CNNrepository.Linear(in_features=512, out_features=512, bias=False), 512, 512) || (CNNrepository.Conv2d(in_channels=128, out_channels=256, input_size=(4, 4), output_size=(4, 4), kernel_size=(3, 3), stride=1, padding=1, bias=False), 2048, 4096) || (CNNrepository.Linear(in_features=512, out_features=512, bias=False), 512, 512)) ; ((CNNrepository.MaxPool2d(in_channels=256, input_size=(8, 8), output_size=(4, 4), kernel_size=(2, 2)), 16384, 4096)) ; ((CNNrepository.Conv2d(in_channels=256, out_channels=512, input_size=(4, 4), output_size=(4, 4), kernel_size=(3, 3), stride=1, padding=1, bias=False), 4096, 8192)) ; (edges(3072) || (CNNrepository.Conv2d(in_channels=128, out_channels=128, input_size=(4, 4), output_size=(4, 4), kernel_size=(3, 3), stride=1, padding=1, bias=False), 2048, 2048) || (CNNrepository.Conv2d(in_channels=128, out_channels=128, input_size=(2, 2), output_size=(2, 2), kernel_size=(3, 3), stride=1, padding=1, bias=False), 512, 512) || edges(2560)) ; ((CNNrepository.Conv2d(in_channels=512, out_channels=128, input_size=(4, 4), output_size=(4, 4), kernel_size=(3, 3), stride=1, padding=1, bias=False), 8192, 2048)) ; (swap(1024, 512, 512) || (CNNrepository.Linear(in_features=512, out_features=512, bias=False), 512, 512) || (CNNrepository.Conv2d(in_channels=128, out_channels=128, input_size=(2, 2), output_size=(2, 2), kernel_size=(3, 3), stride=1, padding=1, bias=False), 512, 512)) ; ((CNNrepository.MaxPool2d(in_channels=512, input_size=(2, 2), output_size=(1, 1), kernel_size=(2, 2)), 2048, 512)) ; ((CNNrepository.Linear(in_features=512, out_features=10, bias=True), 512, 10))
        ), 
    loss= CNNrepository.CrossEntropyLoss(reduction='mean'), 
    optimizer= CNNrepository.SGD(learning_rate=0.1, momentum=0.9, dampening=0.0, weight_decay=0.0005, nesterov=False, maximize=False), 
    scheduler= CNNrepository.CosineAnnealingLR(eta_min=0.0), 
    epochs= 50
    )
",0.5019134481747946,0.8413333098093668,0.8361999789873759,697,5999306,549.5548827648163,False,50,1788.00226688385,0.04531302562876394,False,0,1785945021.7747734,3,0.8367999792098999 0.8465999960899353 0.8405999541282654,0.004940995914640849,False False False
bo_step,15,"
Learner(
    model= (
        ((CNNrepository.Conv2d(in_channels=3, out_channels=64, input_size=(32, 32), output_size=(32, 32), kernel_size=(3, 3), stride=1, padding=1, bias=False), 3072, 65536)) ; ((CNNrepository.BatchNorm2d(in_channels=256, input_size=(16, 16)), 65536, 65536)) ; ((CNNrepository.MaxPool2d(in_channels=64, input_size=(32, 32), output_size=(16, 16), kernel_size=(2, 2)), 65536, 16384)) ; ((CNNrepository.Conv2d(in_channels=64, out_channels=128, input_size=(16, 16), output_size=(16, 16), kernel_size=(3, 3), stride=1, padding=1, bias=False), 16384, 32768)) ; (edges(8192) || swap(5120, 512, 4608) || edges(19456)) ; ((CNNrepository.MaxPool2d(in_channels=512, input_size=(8, 8), output_size=(4, 4), kernel_size=(2, 2)), 32768, 8192)) ; ((CNNrepository.Conv2d(in_channels=128, out_channels=256, input_size=(8, 8), output_size=(8, 8), kernel_size=(3, 3), stride=1, padding=1, bias=False), 8192, 16384)) ; (swap(6144, 2560, 3584) || (CNNrepository.Tanh(), 3072, 3072) || (CNNrepository.Conv2d(in_channels=128, out_channels=256, input_size=(4, 4), output_size=(4, 4), kernel_size=(3, 3), stride=1, padding=1, bias=False), 2048, 4096) || (CNNrepository.Linear(in_features=512, out_features=512, bias=False), 512, 512) || (CNNrepository.Linear(in_features=512, out_features=512, bias=False), 512, 512) || (CNNrepository.Conv2d(in_channels=256, out_channels=128, input_size=(4, 4), output_size=(4, 4), kernel_size=(3, 3), stride=1, padding=1, bias=False), 4096, 2048)) ; ((CNNrepository.MaxPool2d(in_channels=256, input_size=(8, 8), output_size=(4, 4), kernel_size=(2, 2)), 16384, 4096)) ; ((CNNrepository.Conv2d(in_channels=256, out_channels=512, input_size=(4, 4), output_size=(4, 4), kernel_size=(3, 3), stride=1, padding=1, bias=False), 4096, 8192)) ; ((CNNrepository.Conv2d(in_channels=256, out_channels=128, input_size=(4, 4), output_size=(4, 4), kernel_size=(3, 3), stride=1, padding=1, bias=False), 4096, 2048) || (CNNrepository.Tanh(), 1024, 1024) || edges(1024) || (CNNrepository.Conv2d(in_channels=128, out_channels=256, input_size=(4, 4), output_size=(4, 4), kernel_size=(3, 3), stride=1, padding=1, bias=False), 2048, 4096)) ; ((CNNrepository.Conv2d(in_channels=512, out_channels=128, input_size=(4, 4), output_size=(4, 4), kernel_size=(3, 3), stride=1, padding=1, bias=False), 8192, 2048)) ; (edges(1024) || (CNNrepository.Linear(in_features=512, out_features=512, bias=False), 512, 512) || (CNNrepository.Linear(in_features=512, out_features=512, bias=False), 512, 512)) ; ((CNNrepository.MaxPool2d(in_channels=512, input_size=(2, 2), output_size=(1, 1), kernel_size=(2, 2)), 2048, 512)) ; ((CNNrepository.Linear(in_features=512, out_features=10, bias=True), 512, 10))
        ), 
    loss= CNNrepository.CrossEntropyLoss(reduction='mean'), 
    optimizer= CNNrepository.SGD(learning_rate=0.1, momentum=0.9, dampening=0.0, weight_decay=0.0005, nesterov=False, maximize=False), 
    scheduler= CNNrepository.CosineAnnealingLR(eta_min=0.0), 
    epochs= 50
    )
",0.5810359319051107,0.8025999863942465,0.7962999741236368,672,4373706,462.7659921646118,False,50,1772.9970557689667,0.027890199437496984,False,0,1785947259.2994986,3,0.8037999868392944 0.7971999645233154 0.8068000078201294,0.0049112329028729905,False False False
bo_step,16,"
Learner(
    model= (
        ((CNNrepository.Conv2d(in_channels=3, out_channels=64, input_size=(32, 32), output_size=(32, 32), kernel_size=(3, 3), stride=1, padding=1, bias=False), 3072, 65536)) ; ((CNNrepository.BatchNorm2d(in_channels=256, input_size=(16, 16)), 65536, 65536)) ; ((CNNrepository.MaxPool2d(in_channels=64, input_size=(32, 32), output_size=(16, 16), kernel_size=(2, 2)), 65536, 16384)) ; ((CNNrepository.Conv2d(in_channels=64, out_channels=128, input_size=(16, 16), output_size=(16, 16), kernel_size=(3, 3), stride=1, padding=1, bias=False), 16384, 32768)) ; (swap(8192, 1024, 7168) || edges(18432) || swap(5120, 512, 4608) || (CNNrepository.Linear(in_features=512, out_features=512, bias=False), 512, 512) || (CNNrepository.Linear(in_features=512, out_features=512, bias=False), 512, 512)) ; ((CNNrepository.MaxPool2d(in_channels=128, input_size=(16, 16), output_size=(8, 8), kernel_size=(2, 2)), 32768, 8192)) ; ((CNNrepository.Conv2d(in_channels=128, out_channels=256, input_size=(8, 8), output_size=(8, 8), kernel_size=(3, 3), stride=1, padding=1, bias=False), 8192, 16384)) ; ((CNNrepository.Conv2d(in_channels=512, out_channels=256, input_size=(4, 4), output_size=(4, 4), kernel_size=(3, 3), stride=1, padding=1, bias=False), 8192, 4096) || edges(1024) || (CNNrepository.Conv2d(in_channels=128, out_channels=256, input_size=(4, 4), output_size=(4, 4), kernel_size=(3, 3), stride=1, padding=1, bias=False), 2048, 4096) || swap(3072, 2048, 1024) || (CNNrepository.Conv2d(in_channels=128, out_channels=256, input_size=(4, 4), output_size=(4, 4), kernel_size=(3, 3), stride=1, padding=1, bias=False), 2048, 4096)) ; ((CNNrepository.MaxPool2d(in_channels=256, input_size=(8, 8), output_size=(4, 4), kernel_size=(2, 2)), 16384, 4096)) ; ((CNNrepository.Conv2d(in_channels=256, out_channels=512, input_size=(4, 4), output_size=(4, 4), kernel_size=(3, 3), stride=1, padding=1, bias=False), 4096, 8192)) ; (swap(7168, 3072, 4096) || (CNNrepository.Linear(in_features=512, out_features=512, bias=False), 512, 512) || (CNNrepository.Linear(in_features=512, out_features=512, bias=False), 512, 512)) ; ((CNNrepository.Conv2d(in_channels=512, out_channels=128, input_size=(4, 4), output_size=(4, 4), kernel_size=(3, 3), stride=1, padding=1, bias=False), 8192, 2048)) ; (edges(1024) || (CNNrepository.Linear(in_features=512, out_features=512, bias=False), 512, 512) || (CNNrepository.Linear(in_features=512, out_features=512, bias=False), 512, 512)) ; ((CNNrepository.MaxPool2d(in_channels=512, input_size=(2, 2), output_size=(1, 1), kernel_size=(2, 2)), 2048, 512)) ; ((CNNrepository.Linear(in_features=512, out_features=10, bias=True), 512, 10))
        ), 
    loss= CNNrepository.CrossEntropyLoss(reduction='mean'), 
    optimizer= CNNrepository.SGD(learning_rate=0.1, momentum=0.9, dampening=0.0, weight_decay=0.0005, nesterov=False, maximize=False), 
    scheduler= CNNrepository.CosineAnnealingLR(eta_min=0.0), 
    epochs= 50
    )
",0.48450122276941937,0.8367999792098999,0.8393999735514323,683,5487818,530.4670190811157,False,50,1684.3483753204346,0.030033937697734405,False,0,1785949475.8980732,3,0.837399959564209 0.8379999995231628 0.8349999785423279,0.0015874551302415224,False False False
bo_step,17,"
Learner(
    model= (
        ((CNNrepository.Conv2d(in_channels=3, out_channels=64, input_size=(32, 32), output_size=(32, 32), kernel_size=(3, 3), stride=1, padding=1, bias=False), 3072, 65536)) ; ((CNNrepository.Conv2d(in_channels=64, out_channels=64, input_size=(32, 32), output_size=(32, 32), kernel_size=(3, 3), stride=1, padding=1, bias=False), 65536, 65536)) ; ((CNNrepository.MaxPool2d(in_channels=64, input_size=(32, 32), output_size=(16, 16), kernel_size=(2, 2)), 65536, 16384)) ; ((CNNrepository.Conv2d(in_channels=64, out_channels=128, input_size=(16, 16), output_size=(16, 16), kernel_size=(3, 3), stride=1, padding=1, bias=False), 16384, 32768)) ; (edges(24576) || (CNNrepository.Tanh(), 5120, 5120) || swap(2048, 1024, 1024) || (CNNrepository.Linear(in_features=512, out_features=512, bias=False), 512, 512) || edges(512)) ; ((CNNrepository.MaxPool2d(in_channels=512, input_size=(8, 8), output_size=(4, 4), kernel_size=(2, 2)), 32768, 8192)) ; ((CNNrepository.Conv2d(in_channels=128, out_channels=256, input_size=(8, 8), output_size=(8, 8), kernel_size=(3, 3), stride=1, padding=1, bias=False), 8192, 16384)) ; ((CNNrepository.Conv2d(in_channels=512, out_channels=256, input_size=(4, 4), output_size=(4, 4), kernel_size=(3, 3), stride=1, padding=1, bias=False), 8192, 4096) || (CNNrepository.Sigmoid(), 4096, 4096) || (CNNrepository.Conv2d(in_channels=128, out_channels=256, input_size=(4, 4), output_size=(4, 4), kernel_size=(3, 3), stride=1, padding=1, bias=False), 2048, 4096) || (CNNrepository.Conv2d(in_channels=128, out_channels=256, input_size=(4, 4), output_size=(4, 4), kernel_size=(3, 3), stride=1, padding=1, bias=False), 2048, 4096)) ; ((CNNrepository.MaxPool2d(in_channels=64, input_size=(16, 16), output_size=(8, 8), kernel_size=(2, 2)), 16384, 4096)) ; ((CNNrepository.Conv2d(in_channels=256, out_channels=512, input_size=(4, 4), output_size=(4, 4), kernel_size=(3, 3), stride=1, padding=1, bias=False), 4096, 8192)) ; ((CNNrepository.ReLu(inplace=False), 1024, 1024) || (CNNrepository.Tanh(), 2560, 2560) || edges(3584) || (CNNrepository.Linear(in_features=512, out_features=512, bias=False), 512, 512) || (CNNrepository.Linear(in_features=512, out_features=512, bias=False), 512, 512)) ; ((CNNrepository.Conv2d(in_channels=512, out_channels=128, input_size=(4, 4), output_size=(4, 4), kernel_size=(3, 3), stride=1, padding=1, bias=False), 8192, 2048)) ; (edges(1024) || (CNNrepository.Linear(in_features=512, out_features=512, bias=False), 512, 512) || (CNNrepository.Linear(in_features=512, out_features=512, bias=False), 512, 512)) ; ((CNNrepository.MaxPool2d(in_channels=512, input_size=(2, 2), output_size=(1, 1), kernel_size=(2, 2)), 2048, 512)) ; ((CNNrepository.Linear(in_features=512, out_features=10, bias=True), 512, 10))
        ), 
    loss= CNNrepository.CrossEntropyLoss(reduction='mean'), 
    optimizer= CNNrepository.SGD(learning_rate=0.1, momentum=0.9, dampening=0.0, weight_decay=0.0005, nesterov=False, maximize=False), 
    scheduler= CNNrepository.CosineAnnealingLR(eta_min=0.0), 
    epochs= 50
    )
",0.48929815491040546,0.8343999783198038,0.8321999708811442,684,5262026,801.2035493850708,False,50,1599.6225242614746,0.02245318872560503,False,0,1785951878.9641895,3,0.8339999914169312 0.8341999650001526 0.8349999785423279,0.0005291479554607092,False False False
bo_step,18,"
Learner(
    model= (
        ((CNNrepository.Conv2d(in_channels=3, out_channels=64, input_size=(32, 32), output_size=(32, 32), kernel_size=(3, 3), stride=1, padding=1, bias=False), 3072, 65536)) ; ((CNNrepository.BatchNorm2d(in_channels=256, input_size=(16, 16)), 65536, 65536)) ; ((CNNrepository.MaxPool2d(in_channels=64, input_size=(32, 32), output_size=(16, 16), kernel_size=(2, 2)), 65536, 16384)) ; ((CNNrepository.Conv2d(in_channels=64, out_channels=128, input_size=(16, 16), output_size=(16, 16), kernel_size=(3, 3), stride=1, padding=1, bias=False), 16384, 32768)) ; (swap(12288, 3584, 8704) || edges(20480)) ; ((CNNrepository.MaxPool2d(in_channels=512, input_size=(8, 8), output_size=(4, 4), kernel_size=(2, 2)), 32768, 8192)) ; ((CNNrepository.Conv2d(in_channels=128, out_channels=256, input_size=(8, 8), output_size=(8, 8), kernel_size=(3, 3), stride=1, padding=1, bias=False), 8192, 16384)) ; ((CNNrepository.Conv2d(in_channels=512, out_channels=256, input_size=(4, 4), output_size=(4, 4), kernel_size=(3, 3), stride=1, padding=1, bias=False), 8192, 4096) || edges(3584) || (CNNrepository.Conv2d(in_channels=256, out_channels=512, input_size=(4, 4), output_size=(4, 4), kernel_size=(3, 3), stride=1, padding=1, bias=False), 4096, 8192) || (CNNrepository.Linear(in_features=512, out_features=512, bias=False), 512, 512)) ; ((CNNrepository.MaxPool2d(in_channels=64, input_size=(16, 16), output_size=(8, 8), kernel_size=(2, 2)), 16384, 4096)) ; ((CNNrepository.Conv2d(in_channels=256, out_channels=512, input_size=(4, 4), output_size=(4, 4), kernel_size=(3, 3), stride=1, padding=1, bias=False), 4096, 8192)) ; ((CNNrepository.ReLu(inplace=False), 5120, 5120) || edges(3072)) ; ((CNNrepository.Conv2d(in_channels=512, out_channels=128, input_size=(4, 4), output_size=(4, 4), kernel_size=(3, 3), stride=1, padding=1, bias=False), 8192, 2048)) ; (edges(1024) || (CNNrepository.Linear(in_features=512, out_features=512, bias=False), 512, 512) || (CNNrepository.Linear(in_features=512, out_features=512, bias=False), 512, 512)) ; ((CNNrepository.MaxPool2d(in_channels=512, input_size=(2, 2), output_size=(1, 1), kernel_size=(2, 2)), 2048, 512)) ; ((CNNrepository.Linear(in_features=512, out_features=10, bias=True), 512, 10))
        ), 
    loss= CNNrepository.CrossEntropyLoss(reduction='mean'), 
    optimizer= CNNrepository.SGD(learning_rate=0.1, momentum=0.9, dampening=0.0, weight_decay=0.0005, nesterov=False, maximize=False), 
    scheduler= CNNrepository.CosineAnnealingLR(eta_min=0.0), 
    epochs= 50
    )
",0.5967978239059448,0.7996666431427002,0.7955999771753947,558,5291210,569.9748804569244,False,50,1619.6636743545532,0.0222737860672788,False,0,1785954070.6695178,3,0.7985999584197998 0.800599992275238 0.7997999787330627,0.0010066616315663258,False False False
bo_step,19,"
Learner(
    model= (
        ((CNNrepository.Conv2d(in_channels=3, out_channels=64, input_size=(32, 32), output_size=(32, 32), kernel_size=(3, 3), stride=1, padding=1, bias=False), 3072, 65536)) ; ((CNNrepository.Conv2d(in_channels=64, out_channels=64, input_size=(32, 32), output_size=(32, 32), kernel_size=(3, 3), stride=1, padding=1, bias=False), 65536, 65536)) ; ((CNNrepository.MaxPool2d(in_channels=64, input_size=(32, 32), output_size=(16, 16), kernel_size=(2, 2)), 65536, 16384)) ; ((CNNrepository.Conv2d(in_channels=64, out_channels=128, input_size=(16, 16), output_size=(16, 16), kernel_size=(3, 3), stride=1, padding=1, bias=False), 16384, 32768)) ; (edges(20480) || (CNNrepository.Conv2d(in_channels=128, out_channels=64, input_size=(8, 8), output_size=(8, 8), kernel_size=(3, 3), stride=1, padding=1, bias=False), 8192, 4096) || (CNNrepository.Conv2d(in_channels=256, out_channels=512, input_size=(4, 4), output_size=(4, 4), kernel_size=(3, 3), stride=1, padding=1, bias=False), 4096, 8192)) ; ((CNNrepository.MaxPool2d(in_channels=128, input_size=(16, 16), output_size=(8, 8), kernel_size=(2, 2)), 32768, 8192)) ; ((CNNrepository.Conv2d(in_channels=128, out_channels=256, input_size=(8, 8), output_size=(8, 8), kernel_size=(3, 3), stride=1, padding=1, bias=False), 8192, 16384)) ; ((CNNrepository.Conv2d(in_channels=128, out_channels=64, input_size=(8, 8), output_size=(8, 8), kernel_size=(3, 3), stride=1, padding=1, bias=False), 8192, 4096) || (CNNrepository.Tanh(), 1024, 1024) || edges(2560) || (CNNrepository.Linear(in_features=512, out_features=512, bias=False), 512, 512) || (CNNrepository.Conv2d(in_channels=128, out_channels=256, input_size=(4, 4), output_size=(4, 4), kernel_size=(3, 3), stride=1, padding=1, bias=False), 2048, 4096) || (CNNrepository.Conv2d(in_channels=128, out_channels=256, input_size=(4, 4), output_size=(4, 4), kernel_size=(3, 3), stride=1, padding=1, bias=False), 2048, 4096)) ; ((CNNrepository.MaxPool2d(in_channels=256, input_size=(8, 8), output_size=(4, 4), kernel_size=(2, 2)), 16384, 4096)) ; ((CNNrepository.Conv2d(in_channels=256, out_channels=512, input_size=(4, 4), output_size=(4, 4), kernel_size=(3, 3), stride=1, padding=1, bias=False), 4096, 8192)) ; (swap(4608, 3584, 1024) || swap(3072, 512, 2560) || (CNNrepository.Linear(in_features=512, out_features=512, bias=False), 512, 512)) ; ((CNNrepository.Conv2d(in_channels=512, out_channels=128, input_size=(4, 4), output_size=(4, 4), kernel_size=(3, 3), stride=1, padding=1, bias=False), 8192, 2048)) ; (swap(1024, 512, 512) || (CNNrepository.Linear(in_features=512, out_features=512, bias=False), 512, 512) || (CNNrepository.Linear(in_features=512, out_features=512, bias=False), 512, 512)) ; ((CNNrepository.MaxPool2d(in_channels=512, input_size=(2, 2), output_size=(1, 1), kernel_size=(2, 2)), 2048, 512)) ; ((CNNrepository.Linear(in_features=512, out_features=10, bias=True), 512, 10))
        ), 
    loss= CNNrepository.CrossEntropyLoss(reduction='mean'), 
    optimizer= CNNrepository.SGD(learning_rate=0.1, momentum=0.9, dampening=0.0, weight_decay=0.0005, nesterov=False, maximize=False), 
    scheduler= CNNrepository.CosineAnnealingLR(eta_min=0.0), 
    epochs= 50
    )
",0.4345386226971944,0.8599333167076111,0.8545999725659689,646,5147338,395.5780417919159,False,50,1746.733864068985,0.0371873476529008,False,0,1785956214.7813325,3,0.8607999682426453 0.8578000068664551 0.8611999750137329,0.0018582947863589319,False False False
bo_step,20,"
Learner(
    model= (
        ((CNNrepository.Conv2d(in_channels=3, out_channels=64, input_size=(32, 32), output_size=(32, 32), kernel_size=(3, 3), stride=1, padding=1, bias=False), 3072, 65536)) ; ((CNNrepository.Conv2d(in_channels=64, out_channels=64, input_size=(32, 32), output_size=(32, 32), kernel_size=(3, 3), stride=1, padding=1, bias=False), 65536, 65536)) ; ((CNNrepository.MaxPool2d(in_channels=64, input_size=(32, 32), output_size=(16, 16), kernel_size=(2, 2)), 65536, 16384)) ; ((CNNrepository.Conv2d(in_channels=64, out_channels=128, input_size=(16, 16), output_size=(16, 16), kernel_size=(3, 3), stride=1, padding=1, bias=False), 16384, 32768)) ; (swap(12288, 5120, 7168) || (CNNrepository.Conv2d(in_channels=128, out_channels=256, input_size=(4, 4), output_size=(4, 4), kernel_size=(3, 3), stride=1, padding=1, bias=False), 2048, 4096) || (CNNrepository.Conv2d(in_channels=128, out_channels=64, input_size=(8, 8), output_size=(8, 8), kernel_size=(3, 3), stride=1, padding=1, bias=False), 8192, 4096) || edges(2048) || (CNNrepository.Conv2d(in_channels=128, out_channels=256, input_size=(4, 4), output_size=(4, 4), kernel_size=(3, 3), stride=1, padding=1, bias=False), 2048, 4096) || edges(6144)) ; ((CNNrepository.MaxPool2d(in_channels=128, input_size=(16, 16), output_size=(8, 8), kernel_size=(2, 2)), 32768, 8192)) ; ((CNNrepository.Conv2d(in_channels=128, out_channels=256, input_size=(8, 8), output_size=(8, 8), kernel_size=(3, 3), stride=1, padding=1, bias=False), 8192, 16384)) ; (edges(10240) || (CNNrepository.Conv2d(in_channels=128, out_channels=256, input_size=(4, 4), output_size=(4, 4), kernel_size=(3, 3), stride=1, padding=1, bias=False), 2048, 4096) || (CNNrepository.Conv2d(in_channels=256, out_channels=128, input_size=(4, 4), output_size=(4, 4), kernel_size=(3, 3), stride=1, padding=1, bias=False), 4096, 2048)) ; ((CNNrepository.MaxPool2d(in_channels=256, input_size=(8, 8), output_size=(4, 4), kernel_size=(2, 2)), 16384, 4096)) ; ((CNNrepository.Conv2d(in_channels=256, out_channels=512, input_size=(4, 4), output_size=(4, 4), kernel_size=(3, 3), stride=1, padding=1, bias=False), 4096, 8192)) ; (edges(2048) || (CNNrepository.Tanh(), 5120, 5120) || (CNNrepository.Linear(in_features=512, out_features=512, bias=False), 512, 512) || (CNNrepository.Linear(in_features=512, out_features=512, bias=False), 512, 512)) ; ((CNNrepository.Conv2d(in_channels=512, out_channels=128, input_size=(4, 4), output_size=(4, 4), kernel_size=(3, 3), stride=1, padding=1, bias=False), 8192, 2048)) ; (edges(1024) || (CNNrepository.Linear(in_features=512, out_features=512, bias=False), 512, 512) || (CNNrepository.Linear(in_features=512, out_features=512, bias=False), 512, 512)) ; ((CNNrepository.MaxPool2d(in_channels=512, input_size=(2, 2), output_size=(1, 1), kernel_size=(2, 2)), 2048, 512)) ; ((CNNrepository.Linear(in_features=512, out_features=10, bias=True), 512, 10))
        ), 
    loss= CNNrepository.CrossEntropyLoss(reduction='mean'), 
    optimizer= CNNrepository.SGD(learning_rate=0.1, momentum=0.9, dampening=0.0, weight_decay=0.0005, nesterov=False, maximize=False), 
    scheduler= CNNrepository.CosineAnnealingLR(eta_min=0.0), 
    epochs= 50
    )
",0.4193590780099233,0.8624666531880697,0.8578333059946696,670,4483786,379.1063439846039,False,50,1630.8091871738434,0.03493743813229698,False,0,1785958226.7060392,3,0.8659999966621399 0.8657999634742737 0.8555999994277954,0.005947537617928815,False False False
bo_step,21,"
Learner(
    model= (
        ((CNNrepository.Conv2d(in_channels=3, out_channels=64, input_size=(32, 32), output_size=(32, 32), kernel_size=(3, 3), stride=1, padding=1, bias=False), 3072, 65536)) ; ((CNNrepository.Conv2d(in_channels=64, out_channels=64, input_size=(32, 32), output_size=(32, 32), kernel_size=(3, 3), stride=1, padding=1, bias=False), 65536, 65536)) ; ((CNNrepository.MaxPool2d(in_channels=64, input_size=(32, 32), output_size=(16, 16), kernel_size=(2, 2)), 65536, 16384)) ; ((CNNrepository.Conv2d(in_channels=64, out_channels=128, input_size=(16, 16), output_size=(16, 16), kernel_size=(3, 3), stride=1, padding=1, bias=False), 16384, 32768)) ; (edges(12288) || (CNNrepository.Conv2d(in_channels=128, out_channels=128, input_size=(4, 4), output_size=(4, 4), kernel_size=(3, 3), stride=1, padding=1, bias=False), 2048, 2048) || swap(8192, 2048, 6144) || edges(4096) || swap(5120, 2048, 3072) || (CNNrepository.Linear(in_features=512, out_features=512, bias=False), 512, 512) || (CNNrepository.Linear(in_features=512, out_features=512, bias=False), 512, 512)) ; ((CNNrepository.Conv2d(in_channels=512, out_channels=128, input_size=(8, 8), output_size=(8, 8), kernel_size=(3, 3), stride=1, padding=1, bias=False), 32768, 8192)) ; ((CNNrepository.Conv2d(in_channels=128, out_channels=256, input_size=(8, 8), output_size=(8, 8), kernel_size=(3, 3), stride=1, padding=1, bias=False), 8192, 16384)) ; (edges(10240) || swap(5120, 2048, 3072) || (CNNrepository.Linear(in_features=512, out_features=512, bias=False), 512, 512) || (CNNrepository.Linear(in_features=512, out_features=512, bias=False), 512, 512)) ; ((CNNrepository.MaxPool2d(in_channels=256, input_size=(8, 8), output_size=(4, 4), kernel_size=(2, 2)), 16384, 4096)) ; ((CNNrepository.Conv2d(in_channels=256, out_channels=512, input_size=(4, 4), output_size=(4, 4), kernel_size=(3, 3), stride=1, padding=1, bias=False), 4096, 8192)) ; ((CNNrepository.Conv2d(in_channels=128, out_channels=128, input_size=(4, 4), output_size=(4, 4), kernel_size=(3, 3), stride=1, padding=1, bias=False), 2048, 2048) || (CNNrepository.Conv2d(in_channels=128, out_channels=256, input_size=(4, 4), output_size=(4, 4), kernel_size=(3, 3), stride=1, padding=1, bias=False), 2048, 4096) || (CNNrepository.Conv2d(in_channels=256, out_channels=128, input_size=(4, 4), output_size=(4, 4), kernel_size=(3, 3), stride=1, padding=1, bias=False), 4096, 2048)) ; ((CNNrepository.Conv2d(in_channels=512, out_channels=128, input_size=(4, 4), output_size=(4, 4), kernel_size=(3, 3), stride=1, padding=1, bias=False), 8192, 2048)) ; ((CNNrepository.Tanh(), 1024, 1024) || edges(512) || (CNNrepository.Linear(in_features=512, out_features=512, bias=False), 512, 512)) ; ((CNNrepository.MaxPool2d(in_channels=512, input_size=(2, 2), output_size=(1, 1), kernel_size=(2, 2)), 2048, 512)) ; ((CNNrepository.Linear(in_features=512, out_features=10, bias=True), 512, 10))
        ), 
    loss= CNNrepository.CrossEntropyLoss(reduction='mean'), 
    optimizer= CNNrepository.SGD(learning_rate=0.1, momentum=0.9, dampening=0.0, weight_decay=0.0005, nesterov=False, maximize=False), 
    scheduler= CNNrepository.CosineAnnealingLR(eta_min=0.0), 
    epochs= 50
    )
",0.5743777354558309,0.8035333156585693,0.7976666291554769,702,4967114,416.23258805274963,False,50,1751.7714772224426,0.030334104158101564,False,0,1785960396.7877977,3,0.7997999787330627 0.8025999665260315 0.8082000017166138,0.004277084519091623,False False False
bo_step,22,"
Learner(
    model= (
        ((CNNrepository.Conv2d(in_channels=3, out_channels=64, input_size=(32, 32), output_size=(32, 32), kernel_size=(3, 3), stride=1, padding=1, bias=False), 3072, 65536)) ; ((CNNrepository.BatchNorm2d(in_channels=256, input_size=(16, 16)), 65536, 65536)) ; ((CNNrepository.MaxPool2d(in_channels=64, input_size=(32, 32), output_size=(16, 16), kernel_size=(2, 2)), 65536, 16384)) ; ((CNNrepository.Conv2d(in_channels=64, out_channels=128, input_size=(16, 16), output_size=(16, 16), kernel_size=(3, 3), stride=1, padding=1, bias=False), 16384, 32768)) ; (swap(12288, 7168, 5120) || swap(18432, 7168, 11264) || edges(1024) || (CNNrepository.Linear(in_features=512, out_features=512, bias=False), 512, 512) || (CNNrepository.Linear(in_features=512, out_features=512, bias=False), 512, 512)) ; ((CNNrepository.MaxPool2d(in_channels=128, input_size=(16, 16), output_size=(8, 8), kernel_size=(2, 2)), 32768, 8192)) ; ((CNNrepository.Conv2d(in_channels=128, out_channels=256, input_size=(8, 8), output_size=(8, 8), kernel_size=(3, 3), stride=1, padding=1, bias=False), 8192, 16384)) ; (swap(10240, 5120, 5120) || (CNNrepository.Conv2d(in_channels=128, out_channels=256, input_size=(4, 4), output_size=(4, 4), kernel_size=(3, 3), stride=1, padding=1, bias=False), 2048, 4096) || (CNNrepository.Conv2d(in_channels=256, out_channels=128, input_size=(4, 4), output_size=(4, 4), kernel_size=(3, 3), stride=1, padding=1, bias=False), 4096, 2048)) ; ((CNNrepository.MaxPool2d(in_channels=256, input_size=(8, 8), output_size=(4, 4), kernel_size=(2, 2)), 16384, 4096)) ; ((CNNrepository.Conv2d(in_channels=256, out_channels=512, input_size=(4, 4), output_size=(4, 4), kernel_size=(3, 3), stride=1, padding=1, bias=False), 4096, 8192)) ; (edges(3072) || (CNNrepository.Conv2d(in_channels=128, out_channels=128, input_size=(4, 4), output_size=(4, 4), kernel_size=(3, 3), stride=1, padding=1, bias=False), 2048, 2048) || swap(1024, 512, 512) || edges(1024) || (CNNrepository.Linear(in_features=512, out_features=512, bias=False), 512, 512) || edges(512)) ; ((CNNrepository.Conv2d(in_channels=512, out_channels=128, input_size=(4, 4), output_size=(4, 4), kernel_size=(3, 3), stride=1, padding=1, bias=False), 8192, 2048)) ; (edges(1024) || (CNNrepository.Linear(in_features=512, out_features=512, bias=False), 512, 512) || (CNNrepository.Linear(in_features=512, out_features=512, bias=False), 512, 512)) ; ((CNNrepository.MaxPool2d(in_channels=512, input_size=(2, 2), output_size=(1, 1), kernel_size=(2, 2)), 2048, 512)) ; ((CNNrepository.Linear(in_features=512, out_features=10, bias=True), 512, 10))
        ), 
    loss= CNNrepository.CrossEntropyLoss(reduction='mean'), 
    optimizer= CNNrepository.SGD(learning_rate=0.1, momentum=0.9, dampening=0.0, weight_decay=0.0005, nesterov=False, maximize=False), 
    scheduler= CNNrepository.CosineAnnealingLR(eta_min=0.0), 
    epochs= 50
    )
",0.45673759778340656,0.8463333249092102,0.840833326180776,718,4193482,311.55569291114807,False,50,1730.1692678928375,0.03746559129188645,False,0,1785962440.4507844,3,0.8434000015258789 0.843999981880188 0.8515999913215637,0.004570921726593959,False False False
bo_step,23,"
Learner(
    model= (
        ((CNNrepository.Conv2d(in_channels=3, out_channels=64, input_size=(32, 32), output_size=(32, 32), kernel_size=(3, 3), stride=1, padding=1, bias=False), 3072, 65536)) ; ((CNNrepository.Conv2d(in_channels=64, out_channels=64, input_size=(32, 32), output_size=(32, 32), kernel_size=(3, 3), stride=1, padding=1, bias=False), 65536, 65536)) ; ((CNNrepository.MaxPool2d(in_channels=64, input_size=(32, 32), output_size=(16, 16), kernel_size=(2, 2)), 65536, 16384)) ; ((CNNrepository.Conv2d(in_channels=64, out_channels=128, input_size=(16, 16), output_size=(16, 16), kernel_size=(3, 3), stride=1, padding=1, bias=False), 16384, 32768)) ; (swap(16384, 5120, 11264) || swap(11264, 3072, 8192) || swap(4096, 3584, 512) || (CNNrepository.Linear(in_features=512, out_features=512, bias=False), 512, 512) || (CNNrepository.Linear(in_features=512, out_features=512, bias=False), 512, 512)) ; ((CNNrepository.MaxPool2d(in_channels=512, input_size=(8, 8), output_size=(4, 4), kernel_size=(2, 2)), 32768, 8192)) ; ((CNNrepository.Conv2d(in_channels=128, out_channels=256, input_size=(8, 8), output_size=(8, 8), kernel_size=(3, 3), stride=1, padding=1, bias=False), 8192, 16384)) ; ((CNNrepository.ReLu(inplace=False), 5120, 5120) || swap(4096, 3584, 512) || (CNNrepository.Conv2d(in_channels=256, out_channels=128, input_size=(4, 4), output_size=(4, 4), kernel_size=(3, 3), stride=1, padding=1, bias=False), 4096, 2048) || edges(1024) || (CNNrepository.Conv2d(in_channels=128, out_channels=256, input_size=(4, 4), output_size=(4, 4), kernel_size=(3, 3), stride=1, padding=1, bias=False), 2048, 4096)) ; ((CNNrepository.MaxPool2d(in_channels=256, input_size=(8, 8), output_size=(4, 4), kernel_size=(2, 2)), 16384, 4096)) ; ((CNNrepository.Conv2d(in_channels=256, out_channels=512, input_size=(4, 4), output_size=(4, 4), kernel_size=(3, 3), stride=1, padding=1, bias=False), 4096, 8192)) ; ((CNNrepository.ReLu(inplace=False), 5120, 5120) || edges(3072)) ; ((CNNrepository.Conv2d(in_channels=512, out_channels=128, input_size=(4, 4), output_size=(4, 4), kernel_size=(3, 3), stride=1, padding=1, bias=False), 8192, 2048)) ; (edges(1024) || (CNNrepository.Conv2d(in_channels=128, out_channels=128, input_size=(2, 2), output_size=(2, 2), kernel_size=(3, 3), stride=1, padding=1, bias=False), 512, 512) || (CNNrepository.Linear(in_features=512, out_features=512, bias=False), 512, 512)) ; ((CNNrepository.MaxPool2d(in_channels=512, input_size=(2, 2), output_size=(1, 1), kernel_size=(2, 2)), 2048, 512)) ; ((CNNrepository.Linear(in_features=512, out_features=10, bias=True), 512, 10))
        ), 
    loss= CNNrepository.CrossEntropyLoss(reduction='mean'), 
    optimizer= CNNrepository.SGD(learning_rate=0.1, momentum=0.9, dampening=0.0, weight_decay=0.0005, nesterov=False, maximize=False), 
    scheduler= CNNrepository.CosineAnnealingLR(eta_min=0.0), 
    epochs= 50
    )
",0.48294564088185626,0.8465333183606466,0.837399959564209,662,3705546,352.8934576511383,False,50,1607.3028872013092,0.029903657005869517,False,0,1785964402.3854392,3,0.8449999690055847 0.847000002861023 0.847599983215332,0.0013613832266818385,False False False
bo_step,24,"
Learner(
    model= (
        ((CNNrepository.Conv2d(in_channels=3, out_channels=64, input_size=(32, 32), output_size=(32, 32), kernel_size=(3, 3), stride=1, padding=1, bias=False), 3072, 65536)) ; ((CNNrepository.Conv2d(in_channels=64, out_channels=64, input_size=(32, 32), output_size=(32, 32), kernel_size=(3, 3), stride=1, padding=1, bias=False), 65536, 65536)) ; ((CNNrepository.MaxPool2d(in_channels=64, input_size=(32, 32), output_size=(16, 16), kernel_size=(2, 2)), 65536, 16384)) ; ((CNNrepository.Conv2d(in_channels=64, out_channels=128, input_size=(16, 16), output_size=(16, 16), kernel_size=(3, 3), stride=1, padding=1, bias=False), 16384, 32768)) ; (swap(20480, 16384, 4096) || edges(12288)) ; ((CNNrepository.MaxPool2d(in_channels=128, input_size=(16, 16), output_size=(8, 8), kernel_size=(2, 2)), 32768, 8192)) ; ((CNNrepository.Conv2d(in_channels=128, out_channels=256, input_size=(8, 8), output_size=(8, 8), kernel_size=(3, 3), stride=1, padding=1, bias=False), 8192, 16384)) ; (edges(11264) || (CNNrepository.Conv2d(in_channels=512, out_channels=512, input_size=(2, 2), output_size=(2, 2), kernel_size=(3, 3), stride=1, padding=1, bias=False), 2048, 2048) || (CNNrepository.Sigmoid(), 2560, 2560) || (CNNrepository.Linear(in_features=512, out_features=512, bias=False), 512, 512)) ; ((CNNrepository.MaxPool2d(in_channels=256, input_size=(8, 8), output_size=(4, 4), kernel_size=(2, 2)), 16384, 4096)) ; ((CNNrepository.Conv2d(in_channels=256, out_channels=512, input_size=(4, 4), output_size=(4, 4), kernel_size=(3, 3), stride=1, padding=1, bias=False), 4096, 8192)) ; (swap(3072, 512, 2560) || (CNNrepository.Conv2d(in_channels=512, out_channels=512, input_size=(2, 2), output_size=(2, 2), kernel_size=(3, 3), stride=1, padding=1, bias=False), 2048, 2048) || (CNNrepository.Sigmoid(), 2560, 2560) || (CNNrepository.Linear(in_features=512, out_features=512, bias=False), 512, 512)) ; ((CNNrepository.Conv2d(in_channels=512, out_channels=128, input_size=(4, 4), output_size=(4, 4), kernel_size=(3, 3), stride=1, padding=1, bias=False), 8192, 2048)) ; (edges(1024) || (CNNrepository.Linear(in_features=512, out_features=512, bias=False), 512, 512) || (CNNrepository.Linear(in_features=512, out_features=512, bias=False), 512, 512)) ; ((CNNrepository.MaxPool2d(in_channels=512, input_size=(2, 2), output_size=(1, 1), kernel_size=(2, 2)), 2048, 512)) ; ((CNNrepository.Linear(in_features=512, out_features=10, bias=True), 512, 10))
        ), 
    loss= CNNrepository.CrossEntropyLoss(reduction='mean'), 
    optimizer= CNNrepository.SGD(learning_rate=0.1, momentum=0.9, dampening=0.0, weight_decay=0.0005, nesterov=False, maximize=False), 
    scheduler= CNNrepository.CosineAnnealingLR(eta_min=0.0), 
    epochs= 50
    )
",0.4292305111885071,0.8595333298047384,0.8562333385149637,602,7949002,368.22158336639404,False,50,1583.7279415130615,0.017208073506448224,False,0,1785966356.278611,3,0.8574000000953674 0.8623999953269958 0.8587999939918518,0.00257940383420728,False False False
bo_step,25,"
Learner(
    model= (
        ((CNNrepository.Conv2d(in_channels=3, out_channels=64, input_size=(32, 32), output_size=(32, 32), kernel_size=(3, 3), stride=1, padding=1, bias=False), 3072, 65536)) ; ((CNNrepository.ReLu(inplace=False), 65536, 65536)) ; ((CNNrepository.MaxPool2d(in_channels=64, input_size=(32, 32), output_size=(16, 16), kernel_size=(2, 2)), 65536, 16384)) ; ((CNNrepository.Conv2d(in_channels=64, out_channels=128, input_size=(16, 16), output_size=(16, 16), kernel_size=(3, 3), stride=1, padding=1, bias=False), 16384, 32768)) ; (swap(24576, 8192, 16384) || (CNNrepository.Sigmoid(), 2048, 2048) || edges(2560) || (CNNrepository.Sigmoid(), 2560, 2560) || edges(1024)) ; ((CNNrepository.MaxPool2d(in_channels=512, input_size=(8, 8), output_size=(4, 4), kernel_size=(2, 2)), 32768, 8192)) ; ((CNNrepository.Conv2d(in_channels=128, out_channels=256, input_size=(8, 8), output_size=(8, 8), kernel_size=(3, 3), stride=1, padding=1, bias=False), 8192, 16384)) ; ((CNNrepository.Conv2d(in_channels=128, out_channels=64, input_size=(8, 8), output_size=(8, 8), kernel_size=(3, 3), stride=1, padding=1, bias=False), 8192, 4096) || (CNNrepository.Conv2d(in_channels=128, out_channels=256, input_size=(4, 4), output_size=(4, 4), kernel_size=(3, 3), stride=1, padding=1, bias=False), 2048, 4096) || swap(3072, 2560, 512) || (CNNrepository.Conv2d(in_channels=128, out_channels=128, input_size=(2, 2), output_size=(2, 2), kernel_size=(3, 3), stride=1, padding=1, bias=False), 512, 512) || (CNNrepository.Conv2d(in_channels=128, out_channels=256, input_size=(4, 4), output_size=(4, 4), kernel_size=(3, 3), stride=1, padding=1, bias=False), 2048, 4096) || (CNNrepository.Linear(in_features=512, out_features=512, bias=False), 512, 512)) ; ((CNNrepository.MaxPool2d(in_channels=256, input_size=(8, 8), output_size=(4, 4), kernel_size=(2, 2)), 16384, 4096)) ; ((CNNrepository.Conv2d(in_channels=256, out_channels=512, input_size=(4, 4), output_size=(4, 4), kernel_size=(3, 3), stride=1, padding=1, bias=False), 4096, 8192)) ; (edges(4096) || swap(1024, 512, 512) || edges(2560) || (CNNrepository.Linear(in_features=512, out_features=512, bias=False), 512, 512)) ; ((CNNrepository.Conv2d(in_channels=512, out_channels=128, input_size=(4, 4), output_size=(4, 4), kernel_size=(3, 3), stride=1, padding=1, bias=False), 8192, 2048)) ; (edges(1024) || (CNNrepository.Linear(in_features=512, out_features=512, bias=False), 512, 512) || edges(512)) ; ((CNNrepository.MaxPool2d(in_channels=512, input_size=(2, 2), output_size=(1, 1), kernel_size=(2, 2)), 2048, 512)) ; ((CNNrepository.Linear(in_features=512, out_features=10, bias=False), 512, 10))
        ), 
    loss= CNNrepository.CrossEntropyLoss(reduction='mean'), 
    optimizer= CNNrepository.SGD(learning_rate=0.1, momentum=0.9, dampening=0.0, weight_decay=0.0005, nesterov=False, maximize=False), 
    scheduler= CNNrepository.CosineAnnealingLR(eta_min=0.0), 
    epochs= 50
    )
",0.5522870620091757,0.8152666489283243,0.8097999691963196,737,3742400,295.1950464248657,False,50,1753.4299731254578,0.03401834015215223,False,0,1785968406.4777832,3,0.8104000091552734 0.8193999528884888 0.8159999847412109,0.00454456630066137,False False False
bo_step,26,"
Learner(
    model= (
        ((CNNrepository.Conv2d(in_channels=3, out_channels=64, input_size=(32, 32), output_size=(32, 32), kernel_size=(3, 3), stride=1, padding=1, bias=False), 3072, 65536)) ; ((CNNrepository.BatchNorm2d(in_channels=256, input_size=(16, 16)), 65536, 65536)) ; ((CNNrepository.MaxPool2d(in_channels=64, input_size=(32, 32), output_size=(16, 16), kernel_size=(2, 2)), 65536, 16384)) ; ((CNNrepository.Conv2d(in_channels=64, out_channels=128, input_size=(16, 16), output_size=(16, 16), kernel_size=(3, 3), stride=1, padding=1, bias=False), 16384, 32768)) ; (swap(20480, 10240, 10240) || swap(5120, 2560, 2560) || (CNNrepository.Conv2d(in_channels=256, out_channels=128, input_size=(4, 4), output_size=(4, 4), kernel_size=(3, 3), stride=1, padding=1, bias=False), 4096, 2048) || (CNNrepository.Linear(in_features=512, out_features=512, bias=False), 512, 512) || (CNNrepository.Conv2d(in_channels=128, out_channels=256, input_size=(4, 4), output_size=(4, 4), kernel_size=(3, 3), stride=1, padding=1, bias=False), 2048, 4096) || (CNNrepository.Linear(in_features=512, out_features=512, bias=False), 512, 512)) ; ((CNNrepository.MaxPool2d(in_channels=512, input_size=(8, 8), output_size=(4, 4), kernel_size=(2, 2)), 32768, 8192)) ; ((CNNrepository.Conv2d(in_channels=128, out_channels=256, input_size=(8, 8), output_size=(8, 8), kernel_size=(3, 3), stride=1, padding=1, bias=False), 8192, 16384)) ; (edges(5120) || swap(2560, 512, 2048) || edges(3584) || (CNNrepository.Tanh(), 2560, 2560) || (CNNrepository.Linear(in_features=512, out_features=512, bias=False), 512, 512) || (CNNrepository.Conv2d(in_channels=512, out_channels=512, input_size=(2, 2), output_size=(2, 2), kernel_size=(3, 3), stride=1, padding=1, bias=False), 2048, 2048)) ; ((CNNrepository.MaxPool2d(in_channels=64, input_size=(16, 16), output_size=(8, 8), kernel_size=(2, 2)), 16384, 4096)) ; ((CNNrepository.Conv2d(in_channels=256, out_channels=512, input_size=(4, 4), output_size=(4, 4), kernel_size=(3, 3), stride=1, padding=1, bias=False), 4096, 8192)) ; (edges(2048) || (CNNrepository.Conv2d(in_channels=128, out_channels=256, input_size=(4, 4), output_size=(4, 4), kernel_size=(3, 3), stride=1, padding=1, bias=False), 2048, 4096) || (CNNrepository.Conv2d(in_channels=256, out_channels=128, input_size=(4, 4), output_size=(4, 4), kernel_size=(3, 3), stride=1, padding=1, bias=False), 4096, 2048)) ; ((CNNrepository.Conv2d(in_channels=512, out_channels=128, input_size=(4, 4), output_size=(4, 4), kernel_size=(3, 3), stride=1, padding=1, bias=False), 8192, 2048)) ; (swap(1024, 512, 512) || edges(512) || (CNNrepository.Linear(in_features=512, out_features=512, bias=False), 512, 512)) ; ((CNNrepository.MaxPool2d(in_channels=512, input_size=(2, 2), output_size=(1, 1), kernel_size=(2, 2)), 2048, 512)) ; ((CNNrepository.Linear(in_features=512, out_features=10, bias=False), 512, 10))
        ), 
    loss= CNNrepository.CrossEntropyLoss(reduction='mean'), 
    optimizer= CNNrepository.SGD(learning_rate=0.1, momentum=0.9, dampening=0.0, weight_decay=0.0005, nesterov=False, maximize=False), 
    scheduler= CNNrepository.CosineAnnealingLR(eta_min=0.0), 
    epochs= 50
    )
",0.5983903010686239,0.8017999728520712,0.7964333097139994,732,6732992,391.14571380615234,False,50,1852.858430147171,0.028386562573730074,False,0,1785970652.2992387,3,0.8007999658584595 0.798799991607666 0.8057999610900879,0.0036055379181425284,False False False
bo_step,27,"
Learner(
    model= (
        ((CNNrepository.Conv2d(in_channels=3, out_channels=64, input_size=(32, 32), output_size=(32, 32), kernel_size=(3, 3), stride=1, padding=1, bias=False), 3072, 65536)) ; ((CNNrepository.Conv2d(in_channels=64, out_channels=64, input_size=(32, 32), output_size=(32, 32), kernel_size=(3, 3), stride=1, padding=1, bias=False), 65536, 65536)) ; ((CNNrepository.MaxPool2d(in_channels=64, input_size=(32, 32), output_size=(16, 16), kernel_size=(2, 2)), 65536, 16384)) ; ((CNNrepository.Conv2d(in_channels=64, out_channels=128, input_size=(16, 16), output_size=(16, 16), kernel_size=(3, 3), stride=1, padding=1, bias=False), 16384, 32768)) ; ((CNNrepository.Conv2d(in_channels=512, out_channels=512, input_size=(4, 4), output_size=(4, 4), kernel_size=(3, 3), stride=1, padding=1, bias=False), 8192, 8192) || (CNNrepository.Conv2d(in_channels=512, out_channels=256, input_size=(4, 4), output_size=(4, 4), kernel_size=(3, 3), stride=1, padding=1, bias=False), 8192, 4096) || swap(12288, 4096, 8192) || (CNNrepository.Conv2d(in_channels=128, out_channels=256, input_size=(4, 4), output_size=(4, 4), kernel_size=(3, 3), stride=1, padding=1, bias=False), 2048, 4096) || (CNNrepository.Conv2d(in_channels=128, out_channels=256, input_size=(4, 4), output_size=(4, 4), kernel_size=(3, 3), stride=1, padding=1, bias=False), 2048, 4096)) ; ((CNNrepository.MaxPool2d(in_channels=128, input_size=(16, 16), output_size=(8, 8), kernel_size=(2, 2)), 32768, 8192)) ; ((CNNrepository.Conv2d(in_channels=128, out_channels=256, input_size=(8, 8), output_size=(8, 8), kernel_size=(3, 3), stride=1, padding=1, bias=False), 8192, 16384)) ; ((CNNrepository.Conv2d(in_channels=128, out_channels=64, input_size=(8, 8), output_size=(8, 8), kernel_size=(3, 3), stride=1, padding=1, bias=False), 8192, 4096) || edges(2048) || (CNNrepository.Conv2d(in_channels=128, out_channels=128, input_size=(4, 4), output_size=(4, 4), kernel_size=(3, 3), stride=1, padding=1, bias=False), 2048, 2048) || (CNNrepository.Conv2d(in_channels=256, out_channels=512, input_size=(4, 4), output_size=(4, 4), kernel_size=(3, 3), stride=1, padding=1, bias=False), 4096, 8192)) ; ((CNNrepository.MaxPool2d(in_channels=256, input_size=(8, 8), output_size=(4, 4), kernel_size=(2, 2)), 16384, 4096)) ; ((CNNrepository.Conv2d(in_channels=256, out_channels=512, input_size=(4, 4), output_size=(4, 4), kernel_size=(3, 3), stride=1, padding=1, bias=False), 4096, 8192)) ; (swap(5120, 1024, 4096) || edges(2560) || (CNNrepository.Linear(in_features=512, out_features=512, bias=False), 512, 512)) ; ((CNNrepository.Conv2d(in_channels=512, out_channels=128, input_size=(4, 4), output_size=(4, 4), kernel_size=(3, 3), stride=1, padding=1, bias=False), 8192, 2048)) ; (edges(1024) || (CNNrepository.Linear(in_features=512, out_features=512, bias=False), 512, 512) || (CNNrepository.Linear(in_features=512, out_features=512, bias=False), 512, 512)) ; ((CNNrepository.MaxPool2d(in_channels=512, input_size=(2, 2), output_size=(1, 1), kernel_size=(2, 2)), 2048, 512)) ; ((CNNrepository.Linear(in_features=512, out_features=10, bias=True), 512, 10))
        ), 
    loss= CNNrepository.CrossEntropyLoss(reduction='mean'), 
    optimizer= CNNrepository.SGD(learning_rate=0.1, momentum=0.9, dampening=0.0, weight_decay=0.0005, nesterov=False, maximize=False), 
    scheduler= CNNrepository.CosineAnnealingLR(eta_min=0.0), 
    epochs= 50
    )
",0.4639887511730194,0.8501999775568644,0.8481666445732117,644,8497866,482.45929646492004,False,50,1798.9229617118835,0.03971663153751709,False,0,1785972935.8214006,3,0.849399983882904 0.8527999520301819 0.8483999967575073,0.0023064895423926426,False False False
bo_step,28,"
Learner(
    model= (
        ((CNNrepository.Conv2d(in_channels=3, out_channels=64, input_size=(32, 32), output_size=(32, 32), kernel_size=(3, 3), stride=1, padding=1, bias=False), 3072, 65536)) ; ((CNNrepository.BatchNorm2d(in_channels=256, input_size=(16, 16)), 65536, 65536)) ; ((CNNrepository.MaxPool2d(in_channels=64, input_size=(32, 32), output_size=(16, 16), kernel_size=(2, 2)), 65536, 16384)) ; ((CNNrepository.Conv2d(in_channels=64, out_channels=128, input_size=(16, 16), output_size=(16, 16), kernel_size=(3, 3), stride=1, padding=1, bias=False), 16384, 32768)) ; (swap(8192, 5120, 3072) || swap(5120, 4608, 512) || swap(3072, 2560, 512) || swap(10240, 5120, 5120) || (CNNrepository.Tanh(), 5120, 5120) || edges(512) || (CNNrepository.Linear(in_features=512, out_features=512, bias=False), 512, 512)) ; ((CNNrepository.MaxPool2d(in_channels=128, input_size=(16, 16), output_size=(8, 8), kernel_size=(2, 2)), 32768, 8192)) ; ((CNNrepository.Conv2d(in_channels=128, out_channels=256, input_size=(8, 8), output_size=(8, 8), kernel_size=(3, 3), stride=1, padding=1, bias=False), 8192, 16384)) ; (swap(10240, 5120, 5120) || (CNNrepository.Tanh(), 5120, 5120) || edges(512) || (CNNrepository.Linear(in_features=512, out_features=512, bias=False), 512, 512)) ; ((CNNrepository.MaxPool2d(in_channels=256, input_size=(8, 8), output_size=(4, 4), kernel_size=(2, 2)), 16384, 4096)) ; ((CNNrepository.Conv2d(in_channels=256, out_channels=512, input_size=(4, 4), output_size=(4, 4), kernel_size=(3, 3), stride=1, padding=1, bias=False), 4096, 8192)) ; (swap(6144, 3072, 3072) || (CNNrepository.Sigmoid(), 2048, 2048)) ; ((CNNrepository.Conv2d(in_channels=512, out_channels=128, input_size=(4, 4), output_size=(4, 4), kernel_size=(3, 3), stride=1, padding=1, bias=False), 8192, 2048)) ; (edges(1024) || (CNNrepository.Linear(in_features=512, out_features=512, bias=False), 512, 512) || (CNNrepository.Sigmoid(), 512, 512)) ; ((CNNrepository.MaxPool2d(in_channels=512, input_size=(2, 2), output_size=(1, 1), kernel_size=(2, 2)), 2048, 512)) ; ((CNNrepository.Linear(in_features=512, out_features=10, bias=True), 512, 10))
        ), 
    loss= CNNrepository.CrossEntropyLoss(reduction='mean'), 
    optimizer= CNNrepository.SGD(learning_rate=0.1, momentum=0.9, dampening=0.0, weight_decay=0.0005, nesterov=False, maximize=False), 
    scheduler= CNNrepository.CosineAnnealingLR(eta_min=0.0), 
    epochs= 50
    )
",0.44591622551282245,0.8487333059310913,0.8451666434605917,701,2931914,260.0802297592163,False,50,1795.401406288147,0.021846647652442795,False,0,1785974992.8857987,3,0.852400004863739 0.8495999574661255 0.8441999554634094,0.004168155012034011,False False False
bo_step,29,"
Learner(
    model= (
        ((CNNrepository.Conv2d(in_channels=3, out_channels=64, input_size=(32, 32), output_size=(32, 32), kernel_size=(3, 3), stride=1, padding=1, bias=False), 3072, 65536)) ; ((CNNrepository.BatchNorm2d(in_channels=256, input_size=(16, 16)), 65536, 65536)) ; ((CNNrepository.MaxPool2d(in_channels=64, input_size=(32, 32), output_size=(16, 16), kernel_size=(2, 2)), 65536, 16384)) ; ((CNNrepository.Conv2d(in_channels=64, out_channels=128, input_size=(16, 16), output_size=(16, 16), kernel_size=(3, 3), stride=1, padding=1, bias=False), 16384, 32768)) ; ((CNNrepository.Conv2d(in_channels=256, out_channels=128, input_size=(8, 8), output_size=(8, 8), kernel_size=(3, 3), stride=1, padding=1, bias=False), 16384, 8192) || edges(6144) || (CNNrepository.Conv2d(in_channels=256, out_channels=512, input_size=(4, 4), output_size=(4, 4), kernel_size=(3, 3), stride=1, padding=1, bias=False), 4096, 8192) || (CNNrepository.Conv2d(in_channels=128, out_channels=256, input_size=(4, 4), output_size=(4, 4), kernel_size=(3, 3), stride=1, padding=1, bias=False), 2048, 4096) || (CNNrepository.Conv2d(in_channels=128, out_channels=256, input_size=(4, 4), output_size=(4, 4), kernel_size=(3, 3), stride=1, padding=1, bias=False), 2048, 4096) || edges(2048)) ; ((CNNrepository.MaxPool2d(in_channels=128, input_size=(16, 16), output_size=(8, 8), kernel_size=(2, 2)), 32768, 8192)) ; ((CNNrepository.Conv2d(in_channels=128, out_channels=256, input_size=(8, 8), output_size=(8, 8), kernel_size=(3, 3), stride=1, padding=1, bias=False), 8192, 16384)) ; (edges(5120) || swap(8192, 7168, 1024) || (CNNrepository.Linear(in_features=512, out_features=512, bias=False), 512, 512) || (CNNrepository.Conv2d(in_channels=512, out_channels=512, input_size=(2, 2), output_size=(2, 2), kernel_size=(3, 3), stride=1, padding=1, bias=False), 2048, 2048) || (CNNrepository.Linear(in_features=512, out_features=512, bias=False), 512, 512)) ; ((CNNrepository.MaxPool2d(in_channels=256, input_size=(8, 8), output_size=(4, 4), kernel_size=(2, 2)), 16384, 4096)) ; ((CNNrepository.Conv2d(in_channels=256, out_channels=512, input_size=(4, 4), output_size=(4, 4), kernel_size=(3, 3), stride=1, padding=1, bias=False), 4096, 8192)) ; ((CNNrepository.ReLu(inplace=False), 3584, 3584) || edges(4608)) ; ((CNNrepository.Conv2d(in_channels=512, out_channels=128, input_size=(4, 4), output_size=(4, 4), kernel_size=(3, 3), stride=1, padding=1, bias=False), 8192, 2048)) ; ((CNNrepository.Tanh(), 1024, 1024) || edges(512) || (CNNrepository.Linear(in_features=512, out_features=512, bias=False), 512, 512)) ; ((CNNrepository.MaxPool2d(in_channels=512, input_size=(2, 2), output_size=(1, 1), kernel_size=(2, 2)), 2048, 512)) ; ((CNNrepository.Linear(in_features=512, out_features=10, bias=True), 512, 10))
        ), 
    loss= CNNrepository.CrossEntropyLoss(reduction='mean'), 
    optimizer= CNNrepository.SGD(learning_rate=0.1, momentum=0.9, dampening=0.0, weight_decay=0.0005, nesterov=False, maximize=False), 
    scheduler= CNNrepository.CosineAnnealingLR(eta_min=0.0), 
    epochs= 50
    )
",0.49591689308484393,0.8362666567166647,0.8288999795913696,670,7355594,378.9240548610687,False,50,1681.5528967380524,0.02899420626711363,False,0,1785977055.069009,3,0.8411999940872192 0.8363999724388123 0.8312000036239624,0.005001328036395506,False False False
random_sample,0,"
Learner(
    model= (
        ((CNNrepository.Conv2d(in_channels=3, out_channels=64, input_size=(32, 32), output_size=(32, 32), kernel_size=(3, 3), stride=1, padding=1, bias=False), 3072, 65536)) ; ((CNNrepository.Conv2d(in_channels=64, out_channels=64, input_size=(32, 32), output_size=(32, 32), kernel_size=(3, 3), stride=1, padding=1, bias=False), 65536, 65536)) ; ((CNNrepository.MaxPool2d(in_channels=64, input_size=(32, 32), output_size=(16, 16), kernel_size=(2, 2)), 65536, 16384)) ; ((CNNrepository.Conv2d(in_channels=64, out_channels=128, input_size=(16, 16), output_size=(16, 16), kernel_size=(3, 3), stride=1, padding=1, bias=False), 16384, 32768)) ; ((CNNrepository.Conv2d(in_channels=128, out_channels=256, input_size=(8, 8), output_size=(8, 8), kernel_size=(3, 3), stride=1, padding=1, bias=False), 8192, 16384) || edges(12288) || (CNNrepository.MaxPool2d(in_channels=512, input_size=(4, 4), output_size=(2, 2), kernel_size=(2, 2)), 8192, 2048) || (CNNrepository.Conv2d(in_channels=256, out_channels=128, input_size=(4, 4), output_size=(4, 4), kernel_size=(3, 3), stride=1, padding=1, bias=False), 4096, 2048)) ; ((CNNrepository.MaxPool2d(in_channels=128, input_size=(16, 16), output_size=(8, 8), kernel_size=(2, 2)), 32768, 8192)) ; ((CNNrepository.Conv2d(in_channels=128, out_channels=256, input_size=(8, 8), output_size=(8, 8), kernel_size=(3, 3), stride=1, padding=1, bias=False), 8192, 16384)) ; ((CNNrepository.Sigmoid(), 8192, 8192) || (CNNrepository.Tanh(), 1024, 1024) || edges(7168)) ; ((CNNrepository.MaxPool2d(in_channels=256, input_size=(8, 8), output_size=(4, 4), kernel_size=(2, 2)), 16384, 4096)) ; ((CNNrepository.Conv2d(in_channels=64, out_channels=128, input_size=(8, 8), output_size=(8, 8), kernel_size=(3, 3), stride=1, padding=1, bias=False), 4096, 8192)) ; ((CNNrepository.ReLu(inplace=False), 3584, 3584) || edges(4608)) ; ((CNNrepository.MaxPool2d(in_channels=512, input_size=(4, 4), output_size=(2, 2), kernel_size=(2, 2)), 8192, 2048)) ; ((CNNrepository.Tanh(), 2048, 2048)) ; ((CNNrepository.Conv2d(in_channels=512, out_channels=128, input_size=(2, 2), output_size=(2, 2), kernel_size=(3, 3), stride=1, padding=1, bias=False), 2048, 512)) ; ((CNNrepository.Linear(in_features=512, out_features=10, bias=True), 512, 10))
        ), 
    loss= CNNrepository.CrossEntropyLoss(reduction='mean'), 
    optimizer= CNNrepository.Adam(learning_rate=0.1, betas=(0.9, 0.999), eps=1e-08, weight_decay=0.0005, amsgrad=False, maximize=False, capturable=False, differentiable=False, decoupled_weight_decay=False), 
    scheduler= CNNrepository.NoScheduler(), 
    epochs= 50
    )
",1024.6579996744792,0.13299999634424844,0.1325666606426239,521,1665738,328.30643796920776,False,50,,,,,1785977383.854509,3,0.15379999577999115 0.11419999599456787 0.13099999725818634,0.01987561302223325,False False False
random_sample,1,"
Learner(
    model= (
        ((CNNrepository.Conv2d(in_channels=3, out_channels=64, input_size=(32, 32), output_size=(32, 32), kernel_size=(3, 3), stride=1, padding=1, bias=False), 3072, 65536)) ; ((CNNrepository.BatchNorm2d(in_channels=64, input_size=(32, 32)), 65536, 65536)) ; ((CNNrepository.Conv2d(in_channels=256, out_channels=64, input_size=(16, 16), output_size=(16, 16), kernel_size=(3, 3), stride=1, padding=1, bias=False), 65536, 16384)) ; ((CNNrepository.Conv2d(in_channels=256, out_channels=512, input_size=(8, 8), output_size=(8, 8), kernel_size=(3, 3), stride=1, padding=1, bias=False), 16384, 32768)) ; ((CNNrepository.ReLu(inplace=False), 24576, 24576) || edges(8192)) ; ((CNNrepository.MaxPool2d(in_channels=128, input_size=(16, 16), output_size=(8, 8), kernel_size=(2, 2)), 32768, 8192)) ; ((CNNrepository.Conv2d(in_channels=128, out_channels=256, input_size=(8, 8), output_size=(8, 8), kernel_size=(3, 3), stride=1, padding=1, bias=False), 8192, 16384)) ; (edges(12288) || (CNNrepository.Tanh(), 1024, 1024) || edges(3072)) ; ((CNNrepository.Conv2d(in_channels=256, out_channels=64, input_size=(8, 8), output_size=(8, 8), kernel_size=(3, 3), stride=1, padding=1, bias=False), 16384, 4096)) ; ((CNNrepository.Conv2d(in_channels=64, out_channels=128, input_size=(8, 8), output_size=(8, 8), kernel_size=(3, 3), stride=1, padding=1, bias=False), 4096, 8192)) ; (edges(7168) || (CNNrepository.ReLu(inplace=False), 1024, 1024)) ; ((CNNrepository.Conv2d(in_channels=512, out_channels=128, input_size=(4, 4), output_size=(4, 4), kernel_size=(3, 3), stride=1, padding=1, bias=False), 8192, 2048)) ; ((CNNrepository.Sigmoid(), 1024, 1024) || edges(1024)) ; ((CNNrepository.Conv2d(in_channels=512, out_channels=128, input_size=(2, 2), output_size=(2, 2), kernel_size=(3, 3), stride=1, padding=1, bias=False), 2048, 512)) ; ((CNNrepository.Linear(in_features=512, out_features=10, bias=False), 512, 10))
        ), 
    loss= CNNrepository.CrossEntropyLoss(reduction='mean'), 
    optimizer= CNNrepository.Adam(learning_rate=0.1, betas=(0.9, 0.999), eps=1e-08, weight_decay=0.0005, amsgrad=False, maximize=False, capturable=False, differentiable=False, decoupled_weight_decay=False), 
    scheduler= CNNrepository.NoScheduler(), 
    epochs= 50
    )
",14985194897408.0,0.10839999963839848,0.109266663591067,514,3029824,354.68663144111633,False,50,,,,,1785977739.1065948,3,0.11180000007152557 0.10920000076293945 0.10419999808073044,0.0038626427371001595,False False False
random_sample,2,"
Learner(
    model= (
        ((CNNrepository.Conv2d(in_channels=3, out_channels=64, input_size=(32, 32), output_size=(32, 32), kernel_size=(3, 3), stride=1, padding=1, bias=False), 3072, 65536)) ; ((CNNrepository.Conv2d(in_channels=256, out_channels=256, input_size=(16, 16), output_size=(16, 16), kernel_size=(3, 3), stride=1, padding=1, bias=False), 65536, 65536)) ; ((CNNrepository.MaxPool2d(in_channels=256, input_size=(16, 16), output_size=(8, 8), kernel_size=(2, 2)), 65536, 16384)) ; ((CNNrepository.Conv2d(in_channels=256, out_channels=512, input_size=(8, 8), output_size=(8, 8), kernel_size=(3, 3), stride=1, padding=1, bias=False), 16384, 32768)) ; (edges(8192) || (CNNrepository.ReLu(inplace=False), 6144, 6144) || edges(18432)) ; ((CNNrepository.MaxPool2d(in_channels=128, input_size=(16, 16), output_size=(8, 8), kernel_size=(2, 2)), 32768, 8192)) ; ((CNNrepository.Conv2d(in_channels=128, out_channels=256, input_size=(8, 8), output_size=(8, 8), kernel_size=(3, 3), stride=1, padding=1, bias=False), 8192, 16384)) ; (edges(11264) || (CNNrepository.Conv2d(in_channels=3, out_channels=3, input_size=(32, 32), output_size=(32, 32), kernel_size=(3, 3), stride=1, padding=1, bias=False), 3072, 3072) || edges(1024) || (CNNrepository.ReLu(inplace=False), 1024, 1024)) ; ((CNNrepository.MaxPool2d(in_channels=64, input_size=(16, 16), output_size=(8, 8), kernel_size=(2, 2)), 16384, 4096)) ; ((CNNrepository.Conv2d(in_channels=64, out_channels=128, input_size=(8, 8), output_size=(8, 8), kernel_size=(3, 3), stride=1, padding=1, bias=False), 4096, 8192)) ; (edges(7168) || (CNNrepository.ReLu(inplace=False), 1024, 1024)) ; ((CNNrepository.MaxPool2d(in_channels=128, input_size=(8, 8), output_size=(4, 4), kernel_size=(2, 2)), 8192, 2048)) ; ((CNNrepository.Sigmoid(), 2048, 2048)) ; ((CNNrepository.MaxPool2d(in_channels=128, input_size=(4, 4), output_size=(2, 2), kernel_size=(2, 2)), 2048, 512)) ; ((CNNrepository.Linear(in_features=512, out_features=10, bias=True), 512, 10))
        ), 
    loss= CNNrepository.CrossEntropyLoss(reduction='mean'), 
    optimizer= CNNrepository.SGD(learning_rate=0.1, momentum=0.9, dampening=0.0, weight_decay=0.0005, nesterov=False, maximize=False), 
    scheduler= CNNrepository.CosineAnnealingLR(eta_min=0.0), 
    epochs= 50
    )
",2.1766935189565024,0.18766665955384573,0.19073332846164703,535,2145051,353.8018033504486,False,50,,,,,1785978093.6045818,3,0.17719998955726624 0.17339999973773956 0.21239998936653137,0.021503794627331246,False False False
random_sample,3,"
Learner(
    model= (
        ((CNNrepository.Conv2d(in_channels=3, out_channels=64, input_size=(32, 32), output_size=(32, 32), kernel_size=(3, 3), stride=1, padding=1, bias=False), 3072, 65536)) ; ((CNNrepository.Conv2d(in_channels=64, out_channels=64, input_size=(32, 32), output_size=(32, 32), kernel_size=(3, 3), stride=1, padding=1, bias=False), 65536, 65536)) ; ((CNNrepository.Conv2d(in_channels=256, out_channels=64, input_size=(16, 16), output_size=(16, 16), kernel_size=(3, 3), stride=1, padding=1, bias=False), 65536, 16384)) ; ((CNNrepository.Conv2d(in_channels=64, out_channels=128, input_size=(16, 16), output_size=(16, 16), kernel_size=(3, 3), stride=1, padding=1, bias=False), 16384, 32768)) ; (edges(20480) || swap(8704, 4608, 4096) || (CNNrepository.Sigmoid(), 2560, 2560) || edges(1024)) ; ((CNNrepository.MaxPool2d(in_channels=128, input_size=(16, 16), output_size=(8, 8), kernel_size=(2, 2)), 32768, 8192)) ; ((CNNrepository.Conv2d(in_channels=128, out_channels=256, input_size=(8, 8), output_size=(8, 8), kernel_size=(3, 3), stride=1, padding=1, bias=False), 8192, 16384)) ; (edges(8192) || (CNNrepository.ReLu(inplace=False), 1024, 1024) || edges(3072) || (CNNrepository.Conv2d(in_channels=128, out_channels=128, input_size=(4, 4), output_size=(4, 4), kernel_size=(3, 3), stride=1, padding=1, bias=False), 2048, 2048) || (CNNrepository.Conv2d(in_channels=128, out_channels=128, input_size=(4, 4), output_size=(4, 4), kernel_size=(3, 3), stride=1, padding=1, bias=False), 2048, 2048)) ; ((CNNrepository.MaxPool2d(in_channels=64, input_size=(16, 16), output_size=(8, 8), kernel_size=(2, 2)), 16384, 4096)) ; ((CNNrepository.Conv2d(in_channels=64, out_channels=128, input_size=(8, 8), output_size=(8, 8), kernel_size=(3, 3), stride=1, padding=1, bias=False), 4096, 8192)) ; (swap(4608, 2560, 2048) || edges(3584)) ; ((CNNrepository.MaxPool2d(in_channels=512, input_size=(4, 4), output_size=(2, 2), kernel_size=(2, 2)), 8192, 2048)) ; ((CNNrepository.ReLu(inplace=False), 1024, 1024) || edges(1024)) ; ((CNNrepository.MaxPool2d(in_channels=128, input_size=(4, 4), output_size=(2, 2), kernel_size=(2, 2)), 2048, 512)) ; ((CNNrepository.Linear(in_features=512, out_features=10, bias=True), 512, 10))
        ), 
    loss= CNNrepository.CrossEntropyLoss(reduction='mean'), 
    optimizer= CNNrepository.Adam(learning_rate=0.1, betas=(0.9, 0.999), eps=1e-08, weight_decay=0.0005, amsgrad=False, maximize=False, capturable=False, differentiable=False, decoupled_weight_decay=False), 
    scheduler= CNNrepository.CosineAnnealingLR(eta_min=0.0), 
    epochs= 50
    )
",1.233480970064799,0.561466654141744,0.5627333124478658,623,928458,302.5543124675751,False,50,,,,,1785978396.6544793,3,0.5593999624252319 0.574999988079071 0.550000011920929,0.012627474528394142,False False False
random_sample,4,"
Learner(
    model= (
        ((CNNrepository.Conv2d(in_channels=3, out_channels=64, input_size=(32, 32), output_size=(32, 32), kernel_size=(3, 3), stride=1, padding=1, bias=False), 3072, 65536)) ; ((CNNrepository.Tanh(), 65536, 65536)) ; ((CNNrepository.MaxPool2d(in_channels=256, input_size=(16, 16), output_size=(8, 8), kernel_size=(2, 2)), 65536, 16384)) ; ((CNNrepository.Conv2d(in_channels=256, out_channels=512, input_size=(8, 8), output_size=(8, 8), kernel_size=(3, 3), stride=1, padding=1, bias=False), 16384, 32768)) ; (swap(8192, 3072, 5120) || swap(19456, 2560, 16896) || edges(5120)) ; ((CNNrepository.MaxPool2d(in_channels=512, input_size=(8, 8), output_size=(4, 4), kernel_size=(2, 2)), 32768, 8192)) ; ((CNNrepository.Conv2d(in_channels=128, out_channels=256, input_size=(8, 8), output_size=(8, 8), kernel_size=(3, 3), stride=1, padding=1, bias=False), 8192, 16384)) ; (swap(11264, 10240, 1024) || edges(5120)) ; ((CNNrepository.MaxPool2d(in_channels=64, input_size=(16, 16), output_size=(8, 8), kernel_size=(2, 2)), 16384, 4096)) ; ((CNNrepository.Conv2d(in_channels=64, out_channels=128, input_size=(8, 8), output_size=(8, 8), kernel_size=(3, 3), stride=1, padding=1, bias=False), 4096, 8192)) ; (swap(4608, 3584, 1024) || edges(3584)) ; ((CNNrepository.Conv2d(in_channels=512, out_channels=128, input_size=(4, 4), output_size=(4, 4), kernel_size=(3, 3), stride=1, padding=1, bias=False), 8192, 2048)) ; ((CNNrepository.Sigmoid(), 1024, 1024) || edges(1024)) ; ((CNNrepository.MaxPool2d(in_channels=128, input_size=(4, 4), output_size=(2, 2), kernel_size=(2, 2)), 2048, 512)) ; ((CNNrepository.Linear(in_features=512, out_features=10, bias=True), 512, 10))
        ), 
    loss= CNNrepository.CrossEntropyLoss(reduction='mean'), 
    optimizer= CNNrepository.SGD(learning_rate=0.1, momentum=0.9, dampening=0.0, weight_decay=0.0005, nesterov=False, maximize=False), 
    scheduler= CNNrepository.NoScheduler(), 
    epochs= 50
    )
",6.574504534403483,0.1879999985297521,0.18176665902137756,543,2144970,244.32961654663086,False,50,,,,,1785978641.4296887,3,0.19839999079704285 0.19820000231266022 0.16740000247955322,0.01784040013003151,False False False
random_sample,5,"
Learner(
    model= (
        ((CNNrepository.Conv2d(in_channels=3, out_channels=64, input_size=(32, 32), output_size=(32, 32), kernel_size=(3, 3), stride=1, padding=1, bias=False), 3072, 65536)) ; ((CNNrepository.Conv2d(in_channels=256, out_channels=256, input_size=(16, 16), output_size=(16, 16), kernel_size=(3, 3), stride=1, padding=1, bias=False), 65536, 65536)) ; ((CNNrepository.Conv2d(in_channels=256, out_channels=64, input_size=(16, 16), output_size=(16, 16), kernel_size=(3, 3), stride=1, padding=1, bias=False), 65536, 16384)) ; ((CNNrepository.Conv2d(in_channels=256, out_channels=512, input_size=(8, 8), output_size=(8, 8), kernel_size=(3, 3), stride=1, padding=1, bias=False), 16384, 32768)) ; ((CNNrepository.BatchNorm2d(in_channels=64, input_size=(16, 16)), 16384, 16384) || (CNNrepository.ReLu(inplace=False), 10240, 10240) || swap(5120, 4096, 1024) || (CNNrepository.Linear(in_features=512, out_features=512, bias=False), 512, 512) || (CNNrepository.Sigmoid(), 512, 512)) ; ((CNNrepository.Conv2d(in_channels=512, out_channels=128, input_size=(8, 8), output_size=(8, 8), kernel_size=(3, 3), stride=1, padding=1, bias=False), 32768, 8192)) ; ((CNNrepository.Conv2d(in_channels=128, out_channels=256, input_size=(8, 8), output_size=(8, 8), kernel_size=(3, 3), stride=1, padding=1, bias=False), 8192, 16384)) ; ((CNNrepository.Sigmoid(), 6144, 6144) || edges(10240)) ; ((CNNrepository.Conv2d(in_channels=256, out_channels=64, input_size=(8, 8), output_size=(8, 8), kernel_size=(3, 3), stride=1, padding=1, bias=False), 16384, 4096)) ; ((CNNrepository.Conv2d(in_channels=64, out_channels=128, input_size=(8, 8), output_size=(8, 8), kernel_size=(3, 3), stride=1, padding=1, bias=False), 4096, 8192)) ; ((CNNrepository.Tanh(), 3584, 3584) || edges(4608)) ; ((CNNrepository.MaxPool2d(in_channels=512, input_size=(4, 4), output_size=(2, 2), kernel_size=(2, 2)), 8192, 2048)) ; ((CNNrepository.Tanh(), 2048, 2048)) ; ((CNNrepository.MaxPool2d(in_channels=512, input_size=(2, 2), output_size=(1, 1), kernel_size=(2, 2)), 2048, 512)) ; ((CNNrepository.Linear(in_features=512, out_features=10, bias=True), 512, 10))
        ), 
    loss= CNNrepository.CrossEntropyLoss(reduction='mean'), 
    optimizer= CNNrepository.SGD(learning_rate=0.1, momentum=0.9, dampening=0.0, weight_decay=0.0005, nesterov=False, maximize=False), 
    scheduler= CNNrepository.CosineAnnealingLR(eta_min=0.0), 
    epochs= 50
    )
",2.2551728884379068,0.16053332885106406,0.1589666654666265,523,3291978,447.38134121894836,False,50,,,,,1785979089.6929939,3,0.1599999964237213 0.15799999237060547 0.16359999775886536,0.002837842084344443,False False False
random_sample,6,"
Learner(
    model= (
        ((CNNrepository.Conv2d(in_channels=3, out_channels=64, input_size=(32, 32), output_size=(32, 32), kernel_size=(3, 3), stride=1, padding=1, bias=False), 3072, 65536)) ; ((CNNrepository.Sigmoid(), 65536, 65536)) ; ((CNNrepository.Conv2d(in_channels=256, out_channels=64, input_size=(16, 16), output_size=(16, 16), kernel_size=(3, 3), stride=1, padding=1, bias=False), 65536, 16384)) ; ((CNNrepository.Conv2d(in_channels=64, out_channels=128, input_size=(16, 16), output_size=(16, 16), kernel_size=(3, 3), stride=1, padding=1, bias=False), 16384, 32768)) ; (edges(8192) || (CNNrepository.MaxPool2d(in_channels=256, input_size=(8, 8), output_size=(4, 4), kernel_size=(2, 2)), 16384, 4096) || edges(4096) || (CNNrepository.Conv2d(in_channels=128, out_channels=512, input_size=(4, 4), output_size=(4, 4), kernel_size=(3, 3), stride=1, padding=1, bias=False), 2048, 8192) || (CNNrepository.Conv2d(in_channels=128, out_channels=512, input_size=(4, 4), output_size=(4, 4), kernel_size=(3, 3), stride=1, padding=1, bias=False), 2048, 8192)) ; ((CNNrepository.MaxPool2d(in_channels=512, input_size=(8, 8), output_size=(4, 4), kernel_size=(2, 2)), 32768, 8192)) ; ((CNNrepository.Conv2d(in_channels=128, out_channels=256, input_size=(8, 8), output_size=(8, 8), kernel_size=(3, 3), stride=1, padding=1, bias=False), 8192, 16384)) ; ((CNNrepository.Conv2d(in_channels=256, out_channels=512, input_size=(4, 4), output_size=(4, 4), kernel_size=(3, 3), stride=1, padding=1, bias=False), 4096, 8192) || (CNNrepository.Sigmoid(), 1024, 1024) || (CNNrepository.Conv2d(in_channels=3, out_channels=3, input_size=(32, 32), output_size=(32, 32), kernel_size=(3, 3), stride=1, padding=1, bias=False), 3072, 3072) || (CNNrepository.Conv2d(in_channels=512, out_channels=256, input_size=(4, 4), output_size=(4, 4), kernel_size=(3, 3), stride=1, padding=1, bias=False), 8192, 4096)) ; ((CNNrepository.MaxPool2d(in_channels=256, input_size=(8, 8), output_size=(4, 4), kernel_size=(2, 2)), 16384, 4096)) ; ((CNNrepository.Conv2d(in_channels=64, out_channels=128, input_size=(8, 8), output_size=(8, 8), kernel_size=(3, 3), stride=1, padding=1, bias=False), 4096, 8192)) ; ((CNNrepository.ReLu(inplace=False), 1024, 1024) || edges(7168)) ; ((CNNrepository.MaxPool2d(in_channels=512, input_size=(4, 4), output_size=(2, 2), kernel_size=(2, 2)), 8192, 2048)) ; ((CNNrepository.ReLu(inplace=False), 1024, 1024) || (CNNrepository.Tanh(), 512, 512) || edges(512)) ; ((CNNrepository.Conv2d(in_channels=512, out_channels=128, input_size=(2, 2), output_size=(2, 2), kernel_size=(3, 3), stride=1, padding=1, bias=False), 2048, 512)) ; ((CNNrepository.Linear(in_features=512, out_features=10, bias=False), 512, 10))
        ), 
    loss= CNNrepository.CrossEntropyLoss(reduction='mean'), 
    optimizer= CNNrepository.Adam(learning_rate=0.1, betas=(0.9, 0.999), eps=1e-08, weight_decay=0.0005, amsgrad=False, maximize=False, capturable=False, differentiable=False, decoupled_weight_decay=False), 
    scheduler= CNNrepository.CosineAnnealingLR(eta_min=0.0), 
    epochs= 50
    )
",1.485726277033488,0.4657333195209503,0.4769333302974701,612,4725521,418.6536395549774,False,50,,,,,1785979508.9653702,3,0.4805999994277954 0.4651999771595001 0.4513999819755554,0.014607313077998566,False False False
random_sample,7,"
Learner(
    model= (
        ((CNNrepository.Conv2d(in_channels=3, out_channels=64, input_size=(32, 32), output_size=(32, 32), kernel_size=(3, 3), stride=1, padding=1, bias=False), 3072, 65536)) ; ((CNNrepository.Conv2d(in_channels=64, out_channels=64, input_size=(32, 32), output_size=(32, 32), kernel_size=(3, 3), stride=1, padding=1, bias=False), 65536, 65536)) ; ((CNNrepository.MaxPool2d(in_channels=256, input_size=(16, 16), output_size=(8, 8), kernel_size=(2, 2)), 65536, 16384)) ; ((CNNrepository.Conv2d(in_channels=256, out_channels=512, input_size=(8, 8), output_size=(8, 8), kernel_size=(3, 3), stride=1, padding=1, bias=False), 16384, 32768)) ; ((CNNrepository.Conv2d(in_channels=256, out_channels=128, input_size=(8, 8), output_size=(8, 8), kernel_size=(3, 3), stride=1, padding=1, bias=False), 16384, 8192) || swap(6144, 3584, 2560) || edges(6144) || (CNNrepository.Conv2d(in_channels=128, out_channels=256, input_size=(4, 4), output_size=(4, 4), kernel_size=(3, 3), stride=1, padding=1, bias=False), 2048, 4096) || (CNNrepository.Conv2d(in_channels=128, out_channels=512, input_size=(4, 4), output_size=(4, 4), kernel_size=(3, 3), stride=1, padding=1, bias=False), 2048, 8192)) ; ((CNNrepository.MaxPool2d(in_channels=128, input_size=(16, 16), output_size=(8, 8), kernel_size=(2, 2)), 32768, 8192)) ; ((CNNrepository.Conv2d(in_channels=128, out_channels=256, input_size=(8, 8), output_size=(8, 8), kernel_size=(3, 3), stride=1, padding=1, bias=False), 8192, 16384)) ; (swap(11264, 8192, 3072) || swap(3072, 1024, 2048) || (CNNrepository.ReLu(inplace=False), 1024, 1024) || edges(1024)) ; ((CNNrepository.Conv2d(in_channels=256, out_channels=64, input_size=(8, 8), output_size=(8, 8), kernel_size=(3, 3), stride=1, padding=1, bias=False), 16384, 4096)) ; ((CNNrepository.Conv2d(in_channels=256, out_channels=512, input_size=(4, 4), output_size=(4, 4), kernel_size=(3, 3), stride=1, padding=1, bias=False), 4096, 8192)) ; ((CNNrepository.Sigmoid(), 6144, 6144) || edges(1024) || swap(1024, 512, 512)) ; ((CNNrepository.MaxPool2d(in_channels=128, input_size=(8, 8), output_size=(4, 4), kernel_size=(2, 2)), 8192, 2048)) ; (swap(1024, 512, 512) || edges(1024)) ; ((CNNrepository.Conv2d(in_channels=512, out_channels=128, input_size=(2, 2), output_size=(2, 2), kernel_size=(3, 3), stride=1, padding=1, bias=False), 2048, 512)) ; ((CNNrepository.Linear(in_features=512, out_features=10, bias=False), 512, 10))
        ), 
    loss= CNNrepository.CrossEntropyLoss(reduction='mean'), 
    optimizer= CNNrepository.SGD(learning_rate=0.1, momentum=0.9, dampening=0.0, weight_decay=0.0005, nesterov=False, maximize=False), 
    scheduler= CNNrepository.CosineAnnealingLR(eta_min=0.0), 
    epochs= 50
    )
",0.732093075911204,0.7531333168347677,0.7447666525840759,657,4614848,435.1199586391449,False,50,,,,,1785979944.8008895,3,0.7522000074386597 0.7523999810218811 0.7547999620437622,0.0014468161762971011,False False False
random_sample,8,"
Learner(
    model= (
        ((CNNrepository.Conv2d(in_channels=3, out_channels=64, input_size=(32, 32), output_size=(32, 32), kernel_size=(3, 3), stride=1, padding=1, bias=False), 3072, 65536)) ; ((CNNrepository.Sigmoid(), 65536, 65536)) ; ((CNNrepository.MaxPool2d(in_channels=64, input_size=(32, 32), output_size=(16, 16), kernel_size=(2, 2)), 65536, 16384)) ; ((CNNrepository.Conv2d(in_channels=256, out_channels=512, input_size=(8, 8), output_size=(8, 8), kernel_size=(3, 3), stride=1, padding=1, bias=False), 16384, 32768)) ; ((CNNrepository.Tanh(), 12288, 12288) || edges(20480)) ; ((CNNrepository.MaxPool2d(in_channels=128, input_size=(16, 16), output_size=(8, 8), kernel_size=(2, 2)), 32768, 8192)) ; ((CNNrepository.Conv2d(in_channels=128, out_channels=256, input_size=(8, 8), output_size=(8, 8), kernel_size=(3, 3), stride=1, padding=1, bias=False), 8192, 16384)) ; ((CNNrepository.Conv2d(in_channels=512, out_channels=256, input_size=(4, 4), output_size=(4, 4), kernel_size=(3, 3), stride=1, padding=1, bias=False), 8192, 4096) || (CNNrepository.ReLu(inplace=False), 3584, 3584) || (CNNrepository.Conv2d(in_channels=128, out_channels=256, input_size=(4, 4), output_size=(4, 4), kernel_size=(3, 3), stride=1, padding=1, bias=False), 2048, 4096) || (CNNrepository.Conv2d(in_channels=128, out_channels=256, input_size=(4, 4), output_size=(4, 4), kernel_size=(3, 3), stride=1, padding=1, bias=False), 2048, 4096) || edges(512)) ; ((CNNrepository.MaxPool2d(in_channels=64, input_size=(16, 16), output_size=(8, 8), kernel_size=(2, 2)), 16384, 4096)) ; ((CNNrepository.Conv2d(in_channels=256, out_channels=512, input_size=(4, 4), output_size=(4, 4), kernel_size=(3, 3), stride=1, padding=1, bias=False), 4096, 8192)) ; (swap(5120, 2048, 3072) || swap(3072, 1024, 2048)) ; ((CNNrepository.MaxPool2d(in_channels=512, input_size=(4, 4), output_size=(2, 2), kernel_size=(2, 2)), 8192, 2048)) ; ((CNNrepository.Sigmoid(), 1024, 1024) || edges(1024)) ; ((CNNrepository.MaxPool2d(in_channels=128, input_size=(4, 4), output_size=(2, 2), kernel_size=(2, 2)), 2048, 512)) ; ((CNNrepository.Linear(in_features=512, out_features=10, bias=True), 512, 10))
        ), 
    loss= CNNrepository.CrossEntropyLoss(reduction='mean'), 
    optimizer= CNNrepository.SGD(learning_rate=0.1, momentum=0.9, dampening=0.0, weight_decay=0.0005, nesterov=False, maximize=False), 
    scheduler= CNNrepository.NoScheduler(), 
    epochs= 50
    )
",1157.7108968098958,0.1444000005722046,0.14386666317780814,560,4430538,309.96398401260376,False,50,,,,,1785980255.304422,3,0.13539999723434448 0.16300000250339508 0.1348000019788742,0.016110867526513407,False False False
random_sample,9,"
Learner(
    model= (
        ((CNNrepository.Conv2d(in_channels=3, out_channels=64, input_size=(32, 32), output_size=(32, 32), kernel_size=(3, 3), stride=1, padding=1, bias=False), 3072, 65536)) ; ((CNNrepository.Sigmoid(), 65536, 65536)) ; ((CNNrepository.Conv2d(in_channels=256, out_channels=64, input_size=(16, 16), output_size=(16, 16), kernel_size=(3, 3), stride=1, padding=1, bias=False), 65536, 16384)) ; ((CNNrepository.Conv2d(in_channels=64, out_channels=128, input_size=(16, 16), output_size=(16, 16), kernel_size=(3, 3), stride=1, padding=1, bias=False), 16384, 32768)) ; (edges(24576) || swap(3072, 2560, 512) || edges(5120)) ; ((CNNrepository.Conv2d(in_channels=512, out_channels=128, input_size=(8, 8), output_size=(8, 8), kernel_size=(3, 3), stride=1, padding=1, bias=False), 32768, 8192)) ; ((CNNrepository.Conv2d(in_channels=128, out_channels=256, input_size=(8, 8), output_size=(8, 8), kernel_size=(3, 3), stride=1, padding=1, bias=False), 8192, 16384)) ; (edges(10240) || swap(6144, 2560, 3584)) ; ((CNNrepository.Conv2d(in_channels=256, out_channels=64, input_size=(8, 8), output_size=(8, 8), kernel_size=(3, 3), stride=1, padding=1, bias=False), 16384, 4096)) ; ((CNNrepository.Conv2d(in_channels=256, out_channels=512, input_size=(4, 4), output_size=(4, 4), kernel_size=(3, 3), stride=1, padding=1, bias=False), 4096, 8192)) ; ((CNNrepository.Sigmoid(), 4096, 4096) || edges(4096)) ; ((CNNrepository.MaxPool2d(in_channels=128, input_size=(8, 8), output_size=(4, 4), kernel_size=(2, 2)), 8192, 2048)) ; (edges(1024) || (CNNrepository.Tanh(), 512, 512) || (CNNrepository.Conv2d(in_channels=512, out_channels=512, input_size=(1, 1), output_size=(1, 1), kernel_size=(3, 3), stride=1, padding=1, bias=False), 512, 512)) ; ((CNNrepository.Conv2d(in_channels=512, out_channels=128, input_size=(2, 2), output_size=(2, 2), kernel_size=(3, 3), stride=1, padding=1, bias=False), 2048, 512)) ; ((CNNrepository.Linear(in_features=512, out_features=10, bias=True), 512, 10))
        ), 
    loss= CNNrepository.CrossEntropyLoss(reduction='mean'), 
    optimizer= CNNrepository.Adam(learning_rate=0.1, betas=(0.9, 0.999), eps=1e-08, weight_decay=0.0005, amsgrad=False, maximize=False, capturable=False, differentiable=False, decoupled_weight_decay=False), 
    scheduler= CNNrepository.NoScheduler(), 
    epochs= 50
    )
",1.8680228078350064e+17,0.09266666322946548,0.09483332931995392,553,5389002,367.6202483177185,False,50,,,,,1785980623.512508,3,0.0973999947309494 0.0989999994635582 0.08159999549388885,0.009617346560425708,False False False
random_sample,10,"
Learner(
    model= (
        ((CNNrepository.Conv2d(in_channels=3, out_channels=64, input_size=(32, 32), output_size=(32, 32), kernel_size=(3, 3), stride=1, padding=1, bias=False), 3072, 65536)) ; ((CNNrepository.BatchNorm2d(in_channels=256, input_size=(16, 16)), 65536, 65536)) ; ((CNNrepository.Conv2d(in_channels=256, out_channels=64, input_size=(16, 16), output_size=(16, 16), kernel_size=(3, 3), stride=1, padding=1, bias=False), 65536, 16384)) ; ((CNNrepository.Conv2d(in_channels=256, out_channels=512, input_size=(8, 8), output_size=(8, 8), kernel_size=(3, 3), stride=1, padding=1, bias=False), 16384, 32768)) ; (edges(24576) || (CNNrepository.BatchNorm2d(in_channels=512, input_size=(2, 2)), 2048, 2048) || edges(6144)) ; ((CNNrepository.MaxPool2d(in_channels=128, input_size=(16, 16), output_size=(8, 8), kernel_size=(2, 2)), 32768, 8192)) ; ((CNNrepository.Conv2d(in_channels=128, out_channels=256, input_size=(8, 8), output_size=(8, 8), kernel_size=(3, 3), stride=1, padding=1, bias=False), 8192, 16384)) ; ((CNNrepository.Conv2d(in_channels=256, out_channels=256, input_size=(4, 4), output_size=(4, 4), kernel_size=(3, 3), stride=1, padding=1, bias=False), 4096, 4096) || edges(12288)) ; ((CNNrepository.Conv2d(in_channels=256, out_channels=64, input_size=(8, 8), output_size=(8, 8), kernel_size=(3, 3), stride=1, padding=1, bias=False), 16384, 4096)) ; ((CNNrepository.Conv2d(in_channels=64, out_channels=128, input_size=(8, 8), output_size=(8, 8), kernel_size=(3, 3), stride=1, padding=1, bias=False), 4096, 8192)) ; ((CNNrepository.BatchNorm2d(in_channels=128, input_size=(4, 4)), 2048, 2048) || edges(6144)) ; ((CNNrepository.MaxPool2d(in_channels=128, input_size=(8, 8), output_size=(4, 4), kernel_size=(2, 2)), 8192, 2048)) ; ((CNNrepository.Sigmoid(), 2048, 2048)) ; ((CNNrepository.Conv2d(in_channels=512, out_channels=128, input_size=(2, 2), output_size=(2, 2), kernel_size=(3, 3), stride=1, padding=1, bias=False), 2048, 512)) ; ((CNNrepository.Linear(in_features=512, out_features=10, bias=True), 512, 10))
        ), 
    loss= CNNrepository.CrossEntropyLoss(reduction='mean'), 
    optimizer= CNNrepository.SGD(learning_rate=0.1, momentum=0.9, dampening=0.0, weight_decay=0.0005, nesterov=False, maximize=False), 
    scheduler= CNNrepository.CosineAnnealingLR(eta_min=0.0), 
    epochs= 50
    )
",1.759282072385152,0.3417999893426895,0.3414333264033,486,3031498,342.2537751197815,False,50,,,,,1785980966.3520062,3,0.26600000262260437 0.1995999962091446 0.5597999691963196,0.19169046305193227,False False False
random_sample,11,"
Learner(
    model= (
        ((CNNrepository.Conv2d(in_channels=3, out_channels=64, input_size=(32, 32), output_size=(32, 32), kernel_size=(3, 3), stride=1, padding=1, bias=False), 3072, 65536)) ; ((CNNrepository.Tanh(), 65536, 65536)) ; ((CNNrepository.MaxPool2d(in_channels=64, input_size=(32, 32), output_size=(16, 16), kernel_size=(2, 2)), 65536, 16384)) ; ((CNNrepository.Conv2d(in_channels=256, out_channels=512, input_size=(8, 8), output_size=(8, 8), kernel_size=(3, 3), stride=1, padding=1, bias=False), 16384, 32768)) ; (swap(16384, 8192, 8192) || edges(4096) || swap(3584, 1024, 2560) || edges(8704)) ; ((CNNrepository.MaxPool2d(in_channels=512, input_size=(8, 8), output_size=(4, 4), kernel_size=(2, 2)), 32768, 8192)) ; ((CNNrepository.Conv2d(in_channels=128, out_channels=256, input_size=(8, 8), output_size=(8, 8), kernel_size=(3, 3), stride=1, padding=1, bias=False), 8192, 16384)) ; ((CNNrepository.Tanh(), 4096, 4096) || (CNNrepository.Conv2d(in_channels=128, out_channels=128, input_size=(8, 8), output_size=(8, 8), kernel_size=(3, 3), stride=1, padding=1, bias=False), 8192, 8192) || edges(3072) || (CNNrepository.BatchNorm2d(in_channels=128, input_size=(2, 2)), 512, 512) || (CNNrepository.BatchNorm2d(in_channels=512, input_size=(1, 1)), 512, 512)) ; ((CNNrepository.Conv2d(in_channels=256, out_channels=64, input_size=(8, 8), output_size=(8, 8), kernel_size=(3, 3), stride=1, padding=1, bias=False), 16384, 4096)) ; ((CNNrepository.Conv2d(in_channels=256, out_channels=512, input_size=(4, 4), output_size=(4, 4), kernel_size=(3, 3), stride=1, padding=1, bias=False), 4096, 8192)) ; ((CNNrepository.Sigmoid(), 3072, 3072) || (CNNrepository.Tanh(), 1024, 1024) || edges(4096)) ; ((CNNrepository.MaxPool2d(in_channels=512, input_size=(4, 4), output_size=(2, 2), kernel_size=(2, 2)), 8192, 2048)) ; ((CNNrepository.ReLu(inplace=False), 1024, 1024) || edges(1024)) ; ((CNNrepository.MaxPool2d(in_channels=128, input_size=(4, 4), output_size=(2, 2), kernel_size=(2, 2)), 2048, 512)) ; ((CNNrepository.Linear(in_features=512, out_features=10, bias=False), 512, 10))
        ), 
    loss= CNNrepository.CrossEntropyLoss(reduction='mean'), 
    optimizer= CNNrepository.Adam(learning_rate=0.1, betas=(0.9, 0.999), eps=1e-08, weight_decay=0.0005, amsgrad=False, maximize=False, capturable=False, differentiable=False, decoupled_weight_decay=False), 
    scheduler= CNNrepository.NoScheduler(), 
    epochs= 50
    )
",771479808.0,0.12599999457597733,0.12266666442155838,637,2957248,310.7966592311859,False,50,,,,,1785981277.692506,3,0.11539999395608902 0.10979999601840973 0.15279999375343323,0.023377766385162438,False False False
random_sample,12,"
Learner(
    model= (
        ((CNNrepository.Conv2d(in_channels=3, out_channels=64, input_size=(32, 32), output_size=(32, 32), kernel_size=(3, 3), stride=1, padding=1, bias=False), 3072, 65536)) ; ((CNNrepository.Conv2d(in_channels=64, out_channels=64, input_size=(32, 32), output_size=(32, 32), kernel_size=(3, 3), stride=1, padding=1, bias=False), 65536, 65536)) ; ((CNNrepository.Conv2d(in_channels=256, out_channels=64, input_size=(16, 16), output_size=(16, 16), kernel_size=(3, 3), stride=1, padding=1, bias=False), 65536, 16384)) ; ((CNNrepository.Conv2d(in_channels=256, out_channels=512, input_size=(8, 8), output_size=(8, 8), kernel_size=(3, 3), stride=1, padding=1, bias=False), 16384, 32768)) ; (edges(20480) || (CNNrepository.Conv2d(in_channels=128, out_channels=128, input_size=(8, 8), output_size=(8, 8), kernel_size=(3, 3), stride=1, padding=1, bias=False), 8192, 8192) || swap(4096, 3584, 512)) ; ((CNNrepository.Conv2d(in_channels=512, out_channels=128, input_size=(8, 8), output_size=(8, 8), kernel_size=(3, 3), stride=1, padding=1, bias=False), 32768, 8192)) ; ((CNNrepository.Conv2d(in_channels=128, out_channels=256, input_size=(8, 8), output_size=(8, 8), kernel_size=(3, 3), stride=1, padding=1, bias=False), 8192, 16384)) ; (swap(12288, 4096, 8192) || edges(4096)) ; ((CNNrepository.MaxPool2d(in_channels=256, input_size=(8, 8), output_size=(4, 4), kernel_size=(2, 2)), 16384, 4096)) ; ((CNNrepository.Conv2d(in_channels=64, out_channels=128, input_size=(8, 8), output_size=(8, 8), kernel_size=(3, 3), stride=1, padding=1, bias=False), 4096, 8192)) ; ((CNNrepository.Sigmoid(), 1024, 1024) || edges(7168)) ; ((CNNrepository.MaxPool2d(in_channels=128, input_size=(8, 8), output_size=(4, 4), kernel_size=(2, 2)), 8192, 2048)) ; ((CNNrepository.Tanh(), 1024, 1024) || edges(1024)) ; ((CNNrepository.Conv2d(in_channels=512, out_channels=128, input_size=(2, 2), output_size=(2, 2), kernel_size=(3, 3), stride=1, padding=1, bias=False), 2048, 512)) ; ((CNNrepository.Linear(in_features=512, out_features=10, bias=False), 512, 10))
        ), 
    loss= CNNrepository.CrossEntropyLoss(reduction='mean'), 
    optimizer= CNNrepository.Adam(learning_rate=0.1, betas=(0.9, 0.999), eps=1e-08, weight_decay=0.0005, amsgrad=False, maximize=False, capturable=False, differentiable=False, decoupled_weight_decay=False), 
    scheduler= CNNrepository.CosineAnnealingLR(eta_min=0.0), 
    epochs= 50
    )
",1.5045677423477173,0.46433332562446594,0.4680333236853282,525,3066560,427.1555700302124,False,50,,,,,1785981705.5448143,3,0.4773999750614166 0.44200000166893005 0.47360000014305115,0.019434324570775197,False False False
random_sample,13,"
Learner(
    model= (
        ((CNNrepository.Conv2d(in_channels=3, out_channels=64, input_size=(32, 32), output_size=(32, 32), kernel_size=(3, 3), stride=1, padding=1, bias=False), 3072, 65536)) ; ((CNNrepository.Conv2d(in_channels=64, out_channels=64, input_size=(32, 32), output_size=(32, 32), kernel_size=(3, 3), stride=1, padding=1, bias=False), 65536, 65536)) ; ((CNNrepository.MaxPool2d(in_channels=64, input_size=(32, 32), output_size=(16, 16), kernel_size=(2, 2)), 65536, 16384)) ; ((CNNrepository.Conv2d(in_channels=64, out_channels=128, input_size=(16, 16), output_size=(16, 16), kernel_size=(3, 3), stride=1, padding=1, bias=False), 16384, 32768)) ; ((CNNrepository.Sigmoid(), 20480, 20480) || swap(12288, 8704, 3584)) ; ((CNNrepository.MaxPool2d(in_channels=128, input_size=(16, 16), output_size=(8, 8), kernel_size=(2, 2)), 32768, 8192)) ; ((CNNrepository.Conv2d(in_channels=128, out_channels=256, input_size=(8, 8), output_size=(8, 8), kernel_size=(3, 3), stride=1, padding=1, bias=False), 8192, 16384)) ; (edges(4096) || swap(11264, 4096, 7168) || edges(512) || (CNNrepository.Linear(in_features=512, out_features=512, bias=True), 512, 512)) ; ((CNNrepository.MaxPool2d(in_channels=64, input_size=(16, 16), output_size=(8, 8), kernel_size=(2, 2)), 16384, 4096)) ; ((CNNrepository.Conv2d(in_channels=256, out_channels=512, input_size=(4, 4), output_size=(4, 4), kernel_size=(3, 3), stride=1, padding=1, bias=False), 4096, 8192)) ; ((CNNrepository.Sigmoid(), 3584, 3584) || edges(4608)) ; ((CNNrepository.MaxPool2d(in_channels=512, input_size=(4, 4), output_size=(2, 2), kernel_size=(2, 2)), 8192, 2048)) ; ((CNNrepository.Sigmoid(), 1024, 1024) || edges(1024)) ; ((CNNrepository.MaxPool2d(in_channels=128, input_size=(4, 4), output_size=(2, 2), kernel_size=(2, 2)), 2048, 512)) ; ((CNNrepository.Linear(in_features=512, out_features=10, bias=True), 512, 10))
        ), 
    loss= CNNrepository.CrossEntropyLoss(reduction='mean'), 
    optimizer= CNNrepository.Adam(learning_rate=0.1, betas=(0.9, 0.999), eps=1e-08, weight_decay=0.0005, amsgrad=False, maximize=False, capturable=False, differentiable=False, decoupled_weight_decay=False), 
    scheduler= CNNrepository.CosineAnnealingLR(eta_min=0.0), 
    epochs= 50
    )
",0.5999879837036133,0.7957333127657572,0.7965666453043619,546,1854666,269.7728645801544,False,50,,,,,1785981975.765503,3,0.7997999787330627 0.7942000031471252 0.7931999564170837,0.0035571551038431353,False False False
random_sample,14,"
Learner(
    model= (
        ((CNNrepository.Conv2d(in_channels=3, out_channels=64, input_size=(32, 32), output_size=(32, 32), kernel_size=(3, 3), stride=1, padding=1, bias=False), 3072, 65536)) ; ((CNNrepository.BatchNorm2d(in_channels=64, input_size=(32, 32)), 65536, 65536)) ; ((CNNrepository.MaxPool2d(in_channels=64, input_size=(32, 32), output_size=(16, 16), kernel_size=(2, 2)), 65536, 16384)) ; ((CNNrepository.Conv2d(in_channels=256, out_channels=512, input_size=(8, 8), output_size=(8, 8), kernel_size=(3, 3), stride=1, padding=1, bias=False), 16384, 32768)) ; (swap(12288, 5120, 7168) || swap(19456, 2560, 16896) || edges(1024)) ; ((CNNrepository.Conv2d(in_channels=512, out_channels=128, input_size=(8, 8), output_size=(8, 8), kernel_size=(3, 3), stride=1, padding=1, bias=False), 32768, 8192)) ; ((CNNrepository.Conv2d(in_channels=128, out_channels=256, input_size=(8, 8), output_size=(8, 8), kernel_size=(3, 3), stride=1, padding=1, bias=False), 8192, 16384)) ; (edges(4096) || swap(10240, 4096, 6144) || edges(2048)) ; ((CNNrepository.Conv2d(in_channels=256, out_channels=64, input_size=(8, 8), output_size=(8, 8), kernel_size=(3, 3), stride=1, padding=1, bias=False), 16384, 4096)) ; ((CNNrepository.Conv2d(in_channels=256, out_channels=512, input_size=(4, 4), output_size=(4, 4), kernel_size=(3, 3), stride=1, padding=1, bias=False), 4096, 8192)) ; ((CNNrepository.Conv2d(in_channels=64, out_channels=64, input_size=(8, 8), output_size=(8, 8), kernel_size=(3, 3), stride=1, padding=1, bias=False), 4096, 4096) || edges(4096)) ; ((CNNrepository.MaxPool2d(in_channels=512, input_size=(4, 4), output_size=(2, 2), kernel_size=(2, 2)), 8192, 2048)) ; ((CNNrepository.Tanh(), 1024, 1024) || (CNNrepository.Tanh(), 512, 512) || (CNNrepository.Conv2d(in_channels=512, out_channels=512, input_size=(1, 1), output_size=(1, 1), kernel_size=(3, 3), stride=1, padding=1, bias=False), 512, 512)) ; ((CNNrepository.MaxPool2d(in_channels=512, input_size=(2, 2), output_size=(1, 1), kernel_size=(2, 2)), 2048, 512)) ; ((CNNrepository.Linear(in_features=512, out_features=10, bias=True), 512, 10))
        ), 
    loss= CNNrepository.CrossEntropyLoss(reduction='mean'), 
    optimizer= CNNrepository.Adam(learning_rate=0.1, betas=(0.9, 0.999), eps=1e-08, weight_decay=0.0005, amsgrad=False, maximize=False, capturable=False, differentiable=False, decoupled_weight_decay=False), 
    scheduler= CNNrepository.NoScheduler(), 
    epochs= 50
    )
",393981059925.3333,0.10333333164453506,0.10109999775886536,576,5794634,374.2423629760742,False,50,,,,,1785982350.6524568,3,0.1127999946475029 0.11259999871253967 0.08460000157356262,0.016223847917633497,False False False
random_sample,15,"
Learner(
    model= (
        ((CNNrepository.Conv2d(in_channels=3, out_channels=64, input_size=(32, 32), output_size=(32, 32), kernel_size=(3, 3), stride=1, padding=1, bias=False), 3072, 65536)) ; ((CNNrepository.Conv2d(in_channels=64, out_channels=64, input_size=(32, 32), output_size=(32, 32), kernel_size=(3, 3), stride=1, padding=1, bias=False), 65536, 65536)) ; ((CNNrepository.Conv2d(in_channels=256, out_channels=64, input_size=(16, 16), output_size=(16, 16), kernel_size=(3, 3), stride=1, padding=1, bias=False), 65536, 16384)) ; ((CNNrepository.Conv2d(in_channels=256, out_channels=512, input_size=(8, 8), output_size=(8, 8), kernel_size=(3, 3), stride=1, padding=1, bias=False), 16384, 32768)) ; (edges(8192) || swap(18432, 12288, 6144) || (CNNrepository.Tanh(), 1024, 1024) || edges(5120)) ; ((CNNrepository.Conv2d(in_channels=512, out_channels=128, input_size=(8, 8), output_size=(8, 8), kernel_size=(3, 3), stride=1, padding=1, bias=False), 32768, 8192)) ; ((CNNrepository.Conv2d(in_channels=128, out_channels=256, input_size=(8, 8), output_size=(8, 8), kernel_size=(3, 3), stride=1, padding=1, bias=False), 8192, 16384)) ; (edges(12288) || (CNNrepository.Tanh(), 1024, 1024) || edges(3072)) ; ((CNNrepository.MaxPool2d(in_channels=256, input_size=(8, 8), output_size=(4, 4), kernel_size=(2, 2)), 16384, 4096)) ; ((CNNrepository.Conv2d(in_channels=256, out_channels=512, input_size=(4, 4), output_size=(4, 4), kernel_size=(3, 3), stride=1, padding=1, bias=False), 4096, 8192)) ; (swap(5120, 4608, 512) || edges(2048) || swap(1024, 512, 512)) ; ((CNNrepository.MaxPool2d(in_channels=128, input_size=(8, 8), output_size=(4, 4), kernel_size=(2, 2)), 8192, 2048)) ; ((CNNrepository.ReLu(inplace=False), 1024, 1024) || edges(1024)) ; ((CNNrepository.MaxPool2d(in_channels=128, input_size=(4, 4), output_size=(2, 2), kernel_size=(2, 2)), 2048, 512)) ; ((CNNrepository.Linear(in_features=512, out_features=10, bias=False), 512, 10))
        ), 
    loss= CNNrepository.CrossEntropyLoss(reduction='mean'), 
    optimizer= CNNrepository.Adam(learning_rate=0.1, betas=(0.9, 0.999), eps=1e-08, weight_decay=0.0005, amsgrad=False, maximize=False, capturable=False, differentiable=False, decoupled_weight_decay=False), 
    scheduler= CNNrepository.CosineAnnealingLR(eta_min=0.0), 
    epochs= 50
    )
",1.4135273297627766,0.49879997968673706,0.49969998002052307,611,3435200,403.4809949398041,False,50,,,,,1785982754.8478718,3,0.5011999607086182 0.49799999594688416 0.49719998240470886,0.0021165861891163477,False False False
random_sample,16,"
Learner(
    model= (
        ((CNNrepository.Conv2d(in_channels=3, out_channels=64, input_size=(32, 32), output_size=(32, 32), kernel_size=(3, 3), stride=1, padding=1, bias=False), 3072, 65536)) ; ((CNNrepository.ReLu(inplace=False), 65536, 65536)) ; ((CNNrepository.Conv2d(in_channels=256, out_channels=64, input_size=(16, 16), output_size=(16, 16), kernel_size=(3, 3), stride=1, padding=1, bias=False), 65536, 16384)) ; ((CNNrepository.Conv2d(in_channels=256, out_channels=512, input_size=(8, 8), output_size=(8, 8), kernel_size=(3, 3), stride=1, padding=1, bias=False), 16384, 32768)) ; (swap(12288, 8192, 4096) || swap(10240, 5120, 5120) || swap(7168, 2560, 4608) || edges(3072)) ; ((CNNrepository.MaxPool2d(in_channels=512, input_size=(8, 8), output_size=(4, 4), kernel_size=(2, 2)), 32768, 8192)) ; ((CNNrepository.Conv2d(in_channels=128, out_channels=256, input_size=(8, 8), output_size=(8, 8), kernel_size=(3, 3), stride=1, padding=1, bias=False), 8192, 16384)) ; (edges(6144) || swap(7168, 5120, 2048) || edges(3072)) ; ((CNNrepository.MaxPool2d(in_channels=256, input_size=(8, 8), output_size=(4, 4), kernel_size=(2, 2)), 16384, 4096)) ; ((CNNrepository.Conv2d(in_channels=64, out_channels=128, input_size=(8, 8), output_size=(8, 8), kernel_size=(3, 3), stride=1, padding=1, bias=False), 4096, 8192)) ; ((CNNrepository.Conv2d(in_channels=3, out_channels=3, input_size=(32, 32), output_size=(32, 32), kernel_size=(3, 3), stride=1, padding=1, bias=False), 3072, 3072) || edges(5120)) ; ((CNNrepository.MaxPool2d(in_channels=512, input_size=(4, 4), output_size=(2, 2), kernel_size=(2, 2)), 8192, 2048)) ; ((CNNrepository.Tanh(), 1024, 1024) || edges(1024)) ; ((CNNrepository.MaxPool2d(in_channels=128, input_size=(4, 4), output_size=(2, 2), kernel_size=(2, 2)), 2048, 512)) ; ((CNNrepository.Linear(in_features=512, out_features=10, bias=False), 512, 10))
        ), 
    loss= CNNrepository.CrossEntropyLoss(reduction='mean'), 
    optimizer= CNNrepository.SGD(learning_rate=0.1, momentum=0.9, dampening=0.0, weight_decay=0.0005, nesterov=False, maximize=False), 
    scheduler= CNNrepository.CosineAnnealingLR(eta_min=0.0), 
    epochs= 50
    )
",0.7095127503077189,0.7547333240509033,0.7534666657447815,592,1702673,277.88396072387695,False,50,,,,,1785983033.2457983,3,0.7608000040054321 0.7527999877929688 0.7505999803543091,0.005367817287832245,False False False
random_sample,17,"
Learner(
    model= (
        ((CNNrepository.Conv2d(in_channels=3, out_channels=64, input_size=(32, 32), output_size=(32, 32), kernel_size=(3, 3), stride=1, padding=1, bias=False), 3072, 65536)) ; ((CNNrepository.Conv2d(in_channels=256, out_channels=256, input_size=(16, 16), output_size=(16, 16), kernel_size=(3, 3), stride=1, padding=1, bias=False), 65536, 65536)) ; ((CNNrepository.Conv2d(in_channels=256, out_channels=64, input_size=(16, 16), output_size=(16, 16), kernel_size=(3, 3), stride=1, padding=1, bias=False), 65536, 16384)) ; ((CNNrepository.Conv2d(in_channels=64, out_channels=128, input_size=(16, 16), output_size=(16, 16), kernel_size=(3, 3), stride=1, padding=1, bias=False), 16384, 32768)) ; ((CNNrepository.BatchNorm2d(in_channels=128, input_size=(8, 8)), 8192, 8192) || edges(24576)) ; ((CNNrepository.MaxPool2d(in_channels=512, input_size=(8, 8), output_size=(4, 4), kernel_size=(2, 2)), 32768, 8192)) ; ((CNNrepository.Conv2d(in_channels=128, out_channels=256, input_size=(8, 8), output_size=(8, 8), kernel_size=(3, 3), stride=1, padding=1, bias=False), 8192, 16384)) ; ((CNNrepository.BatchNorm2d(in_channels=64, input_size=(8, 8)), 4096, 4096) || (CNNrepository.Conv2d(in_channels=128, out_channels=256, input_size=(4, 4), output_size=(4, 4), kernel_size=(3, 3), stride=1, padding=1, bias=False), 2048, 4096) || (CNNrepository.Conv2d(in_channels=256, out_channels=128, input_size=(4, 4), output_size=(4, 4), kernel_size=(3, 3), stride=1, padding=1, bias=False), 4096, 2048) || edges(6144)) ; ((CNNrepository.MaxPool2d(in_channels=64, input_size=(16, 16), output_size=(8, 8), kernel_size=(2, 2)), 16384, 4096)) ; ((CNNrepository.Conv2d(in_channels=256, out_channels=512, input_size=(4, 4), output_size=(4, 4), kernel_size=(3, 3), stride=1, padding=1, bias=False), 4096, 8192)) ; ((CNNrepository.BatchNorm2d(in_channels=512, input_size=(2, 2)), 2048, 2048) || (CNNrepository.Sigmoid(), 2560, 2560) || (CNNrepository.Tanh(), 1024, 1024) || (CNNrepository.Tanh(), 512, 512) || edges(1024) || (CNNrepository.Tanh(), 1024, 1024)) ; ((CNNrepository.Conv2d(in_channels=512, out_channels=128, input_size=(4, 4), output_size=(4, 4), kernel_size=(3, 3), stride=1, padding=1, bias=False), 8192, 2048)) ; ((CNNrepository.Sigmoid(), 1024, 1024) || (CNNrepository.Linear(in_features=512, out_features=512, bias=False), 512, 512) || (CNNrepository.Linear(in_features=512, out_features=512, bias=True), 512, 512)) ; ((CNNrepository.MaxPool2d(in_channels=512, input_size=(2, 2), output_size=(1, 1), kernel_size=(2, 2)), 2048, 512)) ; ((CNNrepository.Linear(in_features=512, out_features=10, bias=False), 512, 10))
        ), 
    loss= CNNrepository.CrossEntropyLoss(reduction='mean'), 
    optimizer= CNNrepository.SGD(learning_rate=0.1, momentum=0.9, dampening=0.0, weight_decay=0.0005, nesterov=False, maximize=False), 
    scheduler= CNNrepository.CosineAnnealingLR(eta_min=0.0), 
    epochs= 50
    )
",0.8503045439720154,0.703933318456014,0.6991666555404663,626,3998272,445.27211809158325,False,50,,,,,1785983479.3238313,3,0.7053999900817871 0.7005999684333801 0.7057999968528748,0.0028936859080200654,False False False
random_sample,18,"
Learner(
    model= (
        ((CNNrepository.Conv2d(in_channels=3, out_channels=64, input_size=(32, 32), output_size=(32, 32), kernel_size=(3, 3), stride=1, padding=1, bias=False), 3072, 65536)) ; ((CNNrepository.ReLu(inplace=False), 65536, 65536)) ; ((CNNrepository.Conv2d(in_channels=256, out_channels=64, input_size=(16, 16), output_size=(16, 16), kernel_size=(3, 3), stride=1, padding=1, bias=False), 65536, 16384)) ; ((CNNrepository.Conv2d(in_channels=256, out_channels=512, input_size=(8, 8), output_size=(8, 8), kernel_size=(3, 3), stride=1, padding=1, bias=False), 16384, 32768)) ; (edges(12288) || swap(8192, 4096, 4096) || edges(12288)) ; ((CNNrepository.Conv2d(in_channels=512, out_channels=128, input_size=(8, 8), output_size=(8, 8), kernel_size=(3, 3), stride=1, padding=1, bias=False), 32768, 8192)) ; ((CNNrepository.Conv2d(in_channels=128, out_channels=256, input_size=(8, 8), output_size=(8, 8), kernel_size=(3, 3), stride=1, padding=1, bias=False), 8192, 16384)) ; ((CNNrepository.ReLu(inplace=False), 8192, 8192) || edges(8192)) ; ((CNNrepository.MaxPool2d(in_channels=256, input_size=(8, 8), output_size=(4, 4), kernel_size=(2, 2)), 16384, 4096)) ; ((CNNrepository.Conv2d(in_channels=256, out_channels=512, input_size=(4, 4), output_size=(4, 4), kernel_size=(3, 3), stride=1, padding=1, bias=False), 4096, 8192)) ; (swap(4096, 3072, 1024) || (CNNrepository.BatchNorm2d(in_channels=128, input_size=(2, 2)), 512, 512) || edges(3584)) ; ((CNNrepository.Conv2d(in_channels=512, out_channels=128, input_size=(4, 4), output_size=(4, 4), kernel_size=(3, 3), stride=1, padding=1, bias=False), 8192, 2048)) ; (edges(1024) || (CNNrepository.Sigmoid(), 1024, 1024)) ; ((CNNrepository.MaxPool2d(in_channels=512, input_size=(2, 2), output_size=(1, 1), kernel_size=(2, 2)), 2048, 512)) ; ((CNNrepository.Linear(in_features=512, out_features=10, bias=True), 512, 10))
        ), 
    loss= CNNrepository.CrossEntropyLoss(reduction='mean'), 
    optimizer= CNNrepository.SGD(learning_rate=0.1, momentum=0.9, dampening=0.0, weight_decay=0.0005, nesterov=False, maximize=False), 
    scheduler= CNNrepository.CosineAnnealingLR(eta_min=0.0), 
    epochs= 50
    )
",0.706048826376597,0.7585999766985575,0.7604999740918478,553,3988426,352.05209517478943,False,50,,,,,1785983832.0097928,3,0.7559999823570251 0.7595999836921692 0.7601999640464783,0.0022715571836054546,False False False
random_sample,19,"
Learner(
    model= (
        ((CNNrepository.Conv2d(in_channels=3, out_channels=64, input_size=(32, 32), output_size=(32, 32), kernel_size=(3, 3), stride=1, padding=1, bias=False), 3072, 65536)) ; ((CNNrepository.BatchNorm2d(in_channels=64, input_size=(32, 32)), 65536, 65536)) ; ((CNNrepository.Conv2d(in_channels=256, out_channels=64, input_size=(16, 16), output_size=(16, 16), kernel_size=(3, 3), stride=1, padding=1, bias=False), 65536, 16384)) ; ((CNNrepository.Conv2d(in_channels=256, out_channels=512, input_size=(8, 8), output_size=(8, 8), kernel_size=(3, 3), stride=1, padding=1, bias=False), 16384, 32768)) ; ((CNNrepository.Conv2d(in_channels=128, out_channels=256, input_size=(8, 8), output_size=(8, 8), kernel_size=(3, 3), stride=1, padding=1, bias=False), 8192, 16384) || (CNNrepository.Conv2d(in_channels=256, out_channels=128, input_size=(8, 8), output_size=(8, 8), kernel_size=(3, 3), stride=1, padding=1, bias=False), 16384, 8192) || edges(1024) || swap(4096, 3072, 1024) || edges(3072)) ; ((CNNrepository.MaxPool2d(in_channels=512, input_size=(8, 8), output_size=(4, 4), kernel_size=(2, 2)), 32768, 8192)) ; ((CNNrepository.Conv2d(in_channels=128, out_channels=256, input_size=(8, 8), output_size=(8, 8), kernel_size=(3, 3), stride=1, padding=1, bias=False), 8192, 16384)) ; (swap(10240, 5120, 5120) || edges(6144)) ; ((CNNrepository.MaxPool2d(in_channels=64, input_size=(16, 16), output_size=(8, 8), kernel_size=(2, 2)), 16384, 4096)) ; ((CNNrepository.Conv2d(in_channels=256, out_channels=512, input_size=(4, 4), output_size=(4, 4), kernel_size=(3, 3), stride=1, padding=1, bias=False), 4096, 8192)) ; (edges(3584) || (CNNrepository.Sigmoid(), 2048, 2048) || edges(2560)) ; ((CNNrepository.MaxPool2d(in_channels=512, input_size=(4, 4), output_size=(2, 2), kernel_size=(2, 2)), 8192, 2048)) ; ((CNNrepository.ReLu(inplace=False), 1024, 1024) || (CNNrepository.ReLu(inplace=False), 512, 512) || (CNNrepository.Conv2d(in_channels=512, out_channels=512, input_size=(1, 1), output_size=(1, 1), kernel_size=(3, 3), stride=1, padding=1, bias=False), 512, 512)) ; ((CNNrepository.MaxPool2d(in_channels=512, input_size=(2, 2), output_size=(1, 1), kernel_size=(2, 2)), 2048, 512)) ; ((CNNrepository.Linear(in_features=512, out_features=10, bias=True), 512, 10))
        ), 
    loss= CNNrepository.CrossEntropyLoss(reduction='mean'), 
    optimizer= CNNrepository.Adam(learning_rate=0.1, betas=(0.9, 0.999), eps=1e-08, weight_decay=0.0005, amsgrad=False, maximize=False, capturable=False, differentiable=False, decoupled_weight_decay=False), 
    scheduler= CNNrepository.NoScheduler(), 
    epochs= 50
    )
",9158432597.333334,0.10199999809265137,0.10289999842643738,616,5757770,405.8562355041504,False,50,,,,,1785984238.5527608,3,0.11919999867677689 0.08559999614953995 0.10119999945163727,0.016814280859638348,False False False
random_sample,20,"
Learner(
    model= (
        ((CNNrepository.Conv2d(in_channels=3, out_channels=64, input_size=(32, 32), output_size=(32, 32), kernel_size=(3, 3), stride=1, padding=1, bias=False), 3072, 65536)) ; ((CNNrepository.Sigmoid(), 65536, 65536)) ; ((CNNrepository.MaxPool2d(in_channels=256, input_size=(16, 16), output_size=(8, 8), kernel_size=(2, 2)), 65536, 16384)) ; ((CNNrepository.Conv2d(in_channels=64, out_channels=128, input_size=(16, 16), output_size=(16, 16), kernel_size=(3, 3), stride=1, padding=1, bias=False), 16384, 32768)) ; ((CNNrepository.Tanh(), 16384, 16384) || edges(5120) || swap(2560, 512, 2048) || edges(8704)) ; ((CNNrepository.Conv2d(in_channels=512, out_channels=128, input_size=(8, 8), output_size=(8, 8), kernel_size=(3, 3), stride=1, padding=1, bias=False), 32768, 8192)) ; ((CNNrepository.Conv2d(in_channels=128, out_channels=256, input_size=(8, 8), output_size=(8, 8), kernel_size=(3, 3), stride=1, padding=1, bias=False), 8192, 16384)) ; ((CNNrepository.Conv2d(in_channels=64, out_channels=128, input_size=(8, 8), output_size=(8, 8), kernel_size=(3, 3), stride=1, padding=1, bias=False), 4096, 8192) || (CNNrepository.Conv2d(in_channels=256, out_channels=128, input_size=(4, 4), output_size=(4, 4), kernel_size=(3, 3), stride=1, padding=1, bias=False), 4096, 2048) || edges(3584) || (CNNrepository.Conv2d(in_channels=128, out_channels=128, input_size=(2, 2), output_size=(2, 2), kernel_size=(3, 3), stride=1, padding=1, bias=False), 512, 512) || (CNNrepository.Conv2d(in_channels=256, out_channels=128, input_size=(4, 4), output_size=(4, 4), kernel_size=(3, 3), stride=1, padding=1, bias=False), 4096, 2048)) ; ((CNNrepository.Conv2d(in_channels=256, out_channels=64, input_size=(8, 8), output_size=(8, 8), kernel_size=(3, 3), stride=1, padding=1, bias=False), 16384, 4096)) ; ((CNNrepository.Conv2d(in_channels=64, out_channels=128, input_size=(8, 8), output_size=(8, 8), kernel_size=(3, 3), stride=1, padding=1, bias=False), 4096, 8192)) ; (swap(6144, 2048, 4096) || (CNNrepository.ReLu(inplace=False), 1024, 1024) || (CNNrepository.Tanh(), 1024, 1024)) ; ((CNNrepository.Conv2d(in_channels=512, out_channels=128, input_size=(4, 4), output_size=(4, 4), kernel_size=(3, 3), stride=1, padding=1, bias=False), 8192, 2048)) ; (swap(1024, 512, 512) || swap(1024, 512, 512)) ; ((CNNrepository.MaxPool2d(in_channels=128, input_size=(4, 4), output_size=(2, 2), kernel_size=(2, 2)), 2048, 512)) ; ((CNNrepository.Linear(in_features=512, out_features=10, bias=False), 512, 10))
        ), 
    loss= CNNrepository.CrossEntropyLoss(reduction='mean'), 
    optimizer= CNNrepository.Adam(learning_rate=0.1, betas=(0.9, 0.999), eps=1e-08, weight_decay=0.0005, amsgrad=False, maximize=False, capturable=False, differentiable=False, decoupled_weight_decay=False), 
    scheduler= CNNrepository.CosineAnnealingLR(eta_min=0.0), 
    epochs= 50
    )
",2.3028345108032227,0.09699999789396922,0.09999999403953552,641,2587328,317.1082339286804,False,50,,,,,1785984556.1418617,3,0.09339999407529831 0.09860000014305115 0.0989999994635582,0.003124103148894954,False False False
random_sample,21,"
Learner(
    model= (
        ((CNNrepository.Conv2d(in_channels=3, out_channels=64, input_size=(32, 32), output_size=(32, 32), kernel_size=(3, 3), stride=1, padding=1, bias=False), 3072, 65536)) ; ((CNNrepository.Conv2d(in_channels=256, out_channels=256, input_size=(16, 16), output_size=(16, 16), kernel_size=(3, 3), stride=1, padding=1, bias=False), 65536, 65536)) ; ((CNNrepository.Conv2d(in_channels=256, out_channels=64, input_size=(16, 16), output_size=(16, 16), kernel_size=(3, 3), stride=1, padding=1, bias=False), 65536, 16384)) ; ((CNNrepository.Conv2d(in_channels=256, out_channels=512, input_size=(8, 8), output_size=(8, 8), kernel_size=(3, 3), stride=1, padding=1, bias=False), 16384, 32768)) ; ((CNNrepository.Conv2d(in_channels=128, out_channels=256, input_size=(8, 8), output_size=(8, 8), kernel_size=(3, 3), stride=1, padding=1, bias=False), 8192, 16384) || (CNNrepository.Sigmoid(), 12288, 12288) || (CNNrepository.MaxPool2d(in_channels=128, input_size=(8, 8), output_size=(4, 4), kernel_size=(2, 2)), 8192, 2048) || (CNNrepository.Conv2d(in_channels=256, out_channels=128, input_size=(4, 4), output_size=(4, 4), kernel_size=(3, 3), stride=1, padding=1, bias=False), 4096, 2048)) ; ((CNNrepository.MaxPool2d(in_channels=128, input_size=(16, 16), output_size=(8, 8), kernel_size=(2, 2)), 32768, 8192)) ; ((CNNrepository.Conv2d(in_channels=128, out_channels=256, input_size=(8, 8), output_size=(8, 8), kernel_size=(3, 3), stride=1, padding=1, bias=False), 8192, 16384)) ; (edges(5120) || swap(10240, 2048, 8192) || (CNNrepository.Sigmoid(), 1024, 1024)) ; ((CNNrepository.MaxPool2d(in_channels=64, input_size=(16, 16), output_size=(8, 8), kernel_size=(2, 2)), 16384, 4096)) ; ((CNNrepository.Conv2d(in_channels=64, out_channels=128, input_size=(8, 8), output_size=(8, 8), kernel_size=(3, 3), stride=1, padding=1, bias=False), 4096, 8192)) ; (edges(3072) || swap(5120, 1024, 4096)) ; ((CNNrepository.MaxPool2d(in_channels=128, input_size=(8, 8), output_size=(4, 4), kernel_size=(2, 2)), 8192, 2048)) ; ((CNNrepository.Tanh(), 1024, 1024) || edges(512) || (CNNrepository.BatchNorm2d(in_channels=512, input_size=(1, 1)), 512, 512)) ; ((CNNrepository.MaxPool2d(in_channels=128, input_size=(4, 4), output_size=(2, 2), kernel_size=(2, 2)), 2048, 512)) ; ((CNNrepository.Linear(in_features=512, out_features=10, bias=False), 512, 10))
        ), 
    loss= CNNrepository.CrossEntropyLoss(reduction='mean'), 
    optimizer= CNNrepository.SGD(learning_rate=0.1, momentum=0.9, dampening=0.0, weight_decay=0.0005, nesterov=False, maximize=False), 
    scheduler= CNNrepository.CosineAnnealingLR(eta_min=0.0), 
    epochs= 50
    )
",1.0253037214279175,0.6405999859174093,0.6390999952952067,581,2883264,450.3851535320282,False,50,,,,,1785985007.383738,3,0.6367999911308289 0.6448000073432922 0.6401999592781067,0.004014982046539313,False False False
random_sample,22,"
Learner(
    model= (
        ((CNNrepository.Conv2d(in_channels=3, out_channels=64, input_size=(32, 32), output_size=(32, 32), kernel_size=(3, 3), stride=1, padding=1, bias=False), 3072, 65536)) ; ((CNNrepository.ReLu(inplace=False), 65536, 65536)) ; ((CNNrepository.Conv2d(in_channels=256, out_channels=64, input_size=(16, 16), output_size=(16, 16), kernel_size=(3, 3), stride=1, padding=1, bias=False), 65536, 16384)) ; ((CNNrepository.Conv2d(in_channels=256, out_channels=512, input_size=(8, 8), output_size=(8, 8), kernel_size=(3, 3), stride=1, padding=1, bias=False), 16384, 32768)) ; ((CNNrepository.ReLu(inplace=False), 20480, 20480) || swap(6144, 4096, 2048) || (CNNrepository.Sigmoid(), 1024, 1024) || edges(1024) || (CNNrepository.BatchNorm2d(in_channels=3, input_size=(32, 32)), 3072, 3072) || edges(1024)) ; ((CNNrepository.MaxPool2d(in_channels=128, input_size=(16, 16), output_size=(8, 8), kernel_size=(2, 2)), 32768, 8192)) ; ((CNNrepository.Conv2d(in_channels=128, out_channels=256, input_size=(8, 8), output_size=(8, 8), kernel_size=(3, 3), stride=1, padding=1, bias=False), 8192, 16384)) ; (swap(8192, 5120, 3072) || edges(8192)) ; ((CNNrepository.Conv2d(in_channels=256, out_channels=64, input_size=(8, 8), output_size=(8, 8), kernel_size=(3, 3), stride=1, padding=1, bias=False), 16384, 4096)) ; ((CNNrepository.Conv2d(in_channels=64, out_channels=128, input_size=(8, 8), output_size=(8, 8), kernel_size=(3, 3), stride=1, padding=1, bias=False), 4096, 8192)) ; ((CNNrepository.Tanh(), 6144, 6144) || (CNNrepository.ReLu(inplace=False), 1024, 1024) || (CNNrepository.Tanh(), 512, 512) || edges(512)) ; ((CNNrepository.MaxPool2d(in_channels=512, input_size=(4, 4), output_size=(2, 2), kernel_size=(2, 2)), 8192, 2048)) ; ((CNNrepository.ReLu(inplace=False), 1024, 1024) || edges(1024)) ; ((CNNrepository.Conv2d(in_channels=512, out_channels=128, input_size=(2, 2), output_size=(2, 2), kernel_size=(3, 3), stride=1, padding=1, bias=False), 2048, 512)) ; ((CNNrepository.Linear(in_features=512, out_features=10, bias=False), 512, 10))
        ), 
    loss= CNNrepository.CrossEntropyLoss(reduction='mean'), 
    optimizer= CNNrepository.SGD(learning_rate=0.1, momentum=0.9, dampening=0.0, weight_decay=0.0005, nesterov=False, maximize=False), 
    scheduler= CNNrepository.CosineAnnealingLR(eta_min=0.0), 
    epochs= 50
    )
",0.7641526659329733,0.7342666586240133,0.7330666383107504,637,2439878,326.7431991100311,False,50,,,,,1785985334.6717849,3,0.7287999987602234 0.7357999682426453 0.7382000088691711,0.00488398672213818,False False False
random_sample,23,"
Learner(
    model= (
        ((CNNrepository.Conv2d(in_channels=3, out_channels=64, input_size=(32, 32), output_size=(32, 32), kernel_size=(3, 3), stride=1, padding=1, bias=False), 3072, 65536)) ; ((CNNrepository.Conv2d(in_channels=256, out_channels=256, input_size=(16, 16), output_size=(16, 16), kernel_size=(3, 3), stride=1, padding=1, bias=False), 65536, 65536)) ; ((CNNrepository.MaxPool2d(in_channels=256, input_size=(16, 16), output_size=(8, 8), kernel_size=(2, 2)), 65536, 16384)) ; ((CNNrepository.Conv2d(in_channels=64, out_channels=128, input_size=(16, 16), output_size=(16, 16), kernel_size=(3, 3), stride=1, padding=1, bias=False), 16384, 32768)) ; (swap(12288, 3584, 8704) || (CNNrepository.Conv2d(in_channels=128, out_channels=256, input_size=(8, 8), output_size=(8, 8), kernel_size=(3, 3), stride=1, padding=1, bias=False), 8192, 16384) || (CNNrepository.Conv2d(in_channels=512, out_channels=128, input_size=(4, 4), output_size=(4, 4), kernel_size=(3, 3), stride=1, padding=1, bias=False), 8192, 2048) || (CNNrepository.Conv2d(in_channels=256, out_channels=128, input_size=(4, 4), output_size=(4, 4), kernel_size=(3, 3), stride=1, padding=1, bias=False), 4096, 2048)) ; ((CNNrepository.MaxPool2d(in_channels=128, input_size=(16, 16), output_size=(8, 8), kernel_size=(2, 2)), 32768, 8192)) ; ((CNNrepository.Conv2d(in_channels=128, out_channels=256, input_size=(8, 8), output_size=(8, 8), kernel_size=(3, 3), stride=1, padding=1, bias=False), 8192, 16384)) ; ((CNNrepository.Conv2d(in_channels=64, out_channels=128, input_size=(8, 8), output_size=(8, 8), kernel_size=(3, 3), stride=1, padding=1, bias=False), 4096, 8192) || edges(4096) || (CNNrepository.Conv2d(in_channels=512, out_channels=256, input_size=(4, 4), output_size=(4, 4), kernel_size=(3, 3), stride=1, padding=1, bias=False), 8192, 4096)) ; ((CNNrepository.MaxPool2d(in_channels=64, input_size=(16, 16), output_size=(8, 8), kernel_size=(2, 2)), 16384, 4096)) ; ((CNNrepository.Conv2d(in_channels=64, out_channels=128, input_size=(8, 8), output_size=(8, 8), kernel_size=(3, 3), stride=1, padding=1, bias=False), 4096, 8192)) ; (edges(7168) || (CNNrepository.Tanh(), 1024, 1024)) ; ((CNNrepository.Conv2d(in_channels=512, out_channels=128, input_size=(4, 4), output_size=(4, 4), kernel_size=(3, 3), stride=1, padding=1, bias=False), 8192, 2048)) ; (edges(1024) || (CNNrepository.Sigmoid(), 512, 512) || edges(512)) ; ((CNNrepository.MaxPool2d(in_channels=512, input_size=(2, 2), output_size=(1, 1), kernel_size=(2, 2)), 2048, 512)) ; ((CNNrepository.Linear(in_features=512, out_features=10, bias=False), 512, 10))
        ), 
    loss= CNNrepository.CrossEntropyLoss(reduction='mean'), 
    optimizer= CNNrepository.Adam(learning_rate=0.1, betas=(0.9, 0.999), eps=1e-08, weight_decay=0.0005, amsgrad=False, maximize=False, capturable=False, differentiable=False, decoupled_weight_decay=False), 
    scheduler= CNNrepository.CosineAnnealingLR(eta_min=0.0), 
    epochs= 50
    )
",1.1198536157608032,0.6051999926567078,0.5988666415214539,579,4061888,456.4698476791382,False,50,,,,,1785985791.8986292,3,0.6015999913215637 0.599399983882904 0.6146000027656555,0.008214630284972017,False False False
random_sample,24,"
Learner(
    model= (
        ((CNNrepository.Conv2d(in_channels=3, out_channels=64, input_size=(32, 32), output_size=(32, 32), kernel_size=(3, 3), stride=1, padding=1, bias=False), 3072, 65536)) ; ((CNNrepository.Conv2d(in_channels=64, out_channels=64, input_size=(32, 32), output_size=(32, 32), kernel_size=(3, 3), stride=1, padding=1, bias=False), 65536, 65536)) ; ((CNNrepository.MaxPool2d(in_channels=256, input_size=(16, 16), output_size=(8, 8), kernel_size=(2, 2)), 65536, 16384)) ; ((CNNrepository.Conv2d(in_channels=256, out_channels=512, input_size=(8, 8), output_size=(8, 8), kernel_size=(3, 3), stride=1, padding=1, bias=False), 16384, 32768)) ; (swap(24576, 19456, 5120) || (CNNrepository.Conv2d(in_channels=128, out_channels=128, input_size=(4, 4), output_size=(4, 4), kernel_size=(3, 3), stride=1, padding=1, bias=False), 2048, 2048) || (CNNrepository.Conv2d(in_channels=3, out_channels=3, input_size=(32, 32), output_size=(32, 32), kernel_size=(3, 3), stride=1, padding=1, bias=False), 3072, 3072) || edges(3072)) ; ((CNNrepository.MaxPool2d(in_channels=512, input_size=(8, 8), output_size=(4, 4), kernel_size=(2, 2)), 32768, 8192)) ; ((CNNrepository.Conv2d(in_channels=128, out_channels=256, input_size=(8, 8), output_size=(8, 8), kernel_size=(3, 3), stride=1, padding=1, bias=False), 8192, 16384)) ; (swap(6144, 2048, 4096) || edges(10240)) ; ((CNNrepository.MaxPool2d(in_channels=256, input_size=(8, 8), output_size=(4, 4), kernel_size=(2, 2)), 16384, 4096)) ; ((CNNrepository.Conv2d(in_channels=64, out_channels=128, input_size=(8, 8), output_size=(8, 8), kernel_size=(3, 3), stride=1, padding=1, bias=False), 4096, 8192)) ; (swap(1024, 512, 512) || edges(6144) || (CNNrepository.Sigmoid(), 1024, 1024)) ; ((CNNrepository.Conv2d(in_channels=512, out_channels=128, input_size=(4, 4), output_size=(4, 4), kernel_size=(3, 3), stride=1, padding=1, bias=False), 8192, 2048)) ; (edges(1024) || (CNNrepository.Tanh(), 1024, 1024)) ; ((CNNrepository.MaxPool2d(in_channels=512, input_size=(2, 2), output_size=(1, 1), kernel_size=(2, 2)), 2048, 512)) ; ((CNNrepository.Linear(in_features=512, out_features=10, bias=True), 512, 10))
        ), 
    loss= CNNrepository.CrossEntropyLoss(reduction='mean'), 
    optimizer= CNNrepository.SGD(learning_rate=0.1, momentum=0.9, dampening=0.0, weight_decay=0.0005, nesterov=False, maximize=False), 
    scheduler= CNNrepository.NoScheduler(), 
    epochs= 50
    )
",72.13186391194661,0.11279999713102977,0.11546666423479716,576,2329371,329.68027997016907,False,50,,,,,1785986122.1395977,3,0.09759999811649323 0.11259999871253967 0.1281999945640564,0.015300978569139576,False False False
random_sample,25,"
Learner(
    model= (
        ((CNNrepository.Conv2d(in_channels=3, out_channels=64, input_size=(32, 32), output_size=(32, 32), kernel_size=(3, 3), stride=1, padding=1, bias=False), 3072, 65536)) ; ((CNNrepository.Conv2d(in_channels=64, out_channels=64, input_size=(32, 32), output_size=(32, 32), kernel_size=(3, 3), stride=1, padding=1, bias=False), 65536, 65536)) ; ((CNNrepository.MaxPool2d(in_channels=256, input_size=(16, 16), output_size=(8, 8), kernel_size=(2, 2)), 65536, 16384)) ; ((CNNrepository.Conv2d(in_channels=256, out_channels=512, input_size=(8, 8), output_size=(8, 8), kernel_size=(3, 3), stride=1, padding=1, bias=False), 16384, 32768)) ; (edges(20480) || swap(12288, 10240, 2048)) ; ((CNNrepository.MaxPool2d(in_channels=512, input_size=(8, 8), output_size=(4, 4), kernel_size=(2, 2)), 32768, 8192)) ; ((CNNrepository.Conv2d(in_channels=128, out_channels=256, input_size=(8, 8), output_size=(8, 8), kernel_size=(3, 3), stride=1, padding=1, bias=False), 8192, 16384)) ; (swap(11264, 7168, 4096) || edges(5120)) ; ((CNNrepository.MaxPool2d(in_channels=256, input_size=(8, 8), output_size=(4, 4), kernel_size=(2, 2)), 16384, 4096)) ; ((CNNrepository.Conv2d(in_channels=256, out_channels=512, input_size=(4, 4), output_size=(4, 4), kernel_size=(3, 3), stride=1, padding=1, bias=False), 4096, 8192)) ; (swap(4608, 2560, 2048) || edges(1024) || (CNNrepository.Conv2d(in_channels=128, out_channels=512, input_size=(2, 2), output_size=(2, 2), kernel_size=(3, 3), stride=1, padding=1, bias=False), 512, 2048) || (CNNrepository.MaxPool2d(in_channels=512, input_size=(2, 2), output_size=(1, 1), kernel_size=(2, 2)), 2048, 512)) ; ((CNNrepository.Conv2d(in_channels=512, out_channels=128, input_size=(4, 4), output_size=(4, 4), kernel_size=(3, 3), stride=1, padding=1, bias=False), 8192, 2048)) ; ((CNNrepository.Conv2d(in_channels=128, out_channels=128, input_size=(4, 4), output_size=(4, 4), kernel_size=(3, 3), stride=1, padding=1, bias=False), 2048, 2048)) ; ((CNNrepository.MaxPool2d(in_channels=512, input_size=(2, 2), output_size=(1, 1), kernel_size=(2, 2)), 2048, 512)) ; ((CNNrepository.Linear(in_features=512, out_features=10, bias=False), 512, 10))
        ), 
    loss= CNNrepository.CrossEntropyLoss(reduction='mean'), 
    optimizer= CNNrepository.SGD(learning_rate=0.1, momentum=0.9, dampening=0.0, weight_decay=0.0005, nesterov=False, maximize=False), 
    scheduler= CNNrepository.NoScheduler(), 
    epochs= 50
    )
",97.31458918253581,0.11079999556144078,0.11766666422287624,527,4025024,355.1872434616089,False,50,,,,,1785986477.9257367,3,0.07999999821186066 0.11019999533891678 0.14219999313354492,0.031104337997531126,False False False
random_sample,26,"
Learner(
    model= (
        ((CNNrepository.Conv2d(in_channels=3, out_channels=64, input_size=(32, 32), output_size=(32, 32), kernel_size=(3, 3), stride=1, padding=1, bias=False), 3072, 65536)) ; ((CNNrepository.Conv2d(in_channels=64, out_channels=64, input_size=(32, 32), output_size=(32, 32), kernel_size=(3, 3), stride=1, padding=1, bias=False), 65536, 65536)) ; ((CNNrepository.MaxPool2d(in_channels=64, input_size=(32, 32), output_size=(16, 16), kernel_size=(2, 2)), 65536, 16384)) ; ((CNNrepository.Conv2d(in_channels=64, out_channels=128, input_size=(16, 16), output_size=(16, 16), kernel_size=(3, 3), stride=1, padding=1, bias=False), 16384, 32768)) ; (edges(24576) || (CNNrepository.ReLu(inplace=False), 3584, 3584) || (CNNrepository.ReLu(inplace=False), 4096, 4096) || (CNNrepository.Linear(in_features=512, out_features=512, bias=False), 512, 512)) ; ((CNNrepository.MaxPool2d(in_channels=128, input_size=(16, 16), output_size=(8, 8), kernel_size=(2, 2)), 32768, 8192)) ; ((CNNrepository.Conv2d(in_channels=128, out_channels=256, input_size=(8, 8), output_size=(8, 8), kernel_size=(3, 3), stride=1, padding=1, bias=False), 8192, 16384)) ; (swap(5120, 4608, 512) || swap(8704, 4608, 4096) || (CNNrepository.Conv2d(in_channels=128, out_channels=128, input_size=(4, 4), output_size=(4, 4), kernel_size=(3, 3), stride=1, padding=1, bias=False), 2048, 2048) || edges(512)) ; ((CNNrepository.Conv2d(in_channels=256, out_channels=64, input_size=(8, 8), output_size=(8, 8), kernel_size=(3, 3), stride=1, padding=1, bias=False), 16384, 4096)) ; ((CNNrepository.Conv2d(in_channels=256, out_channels=512, input_size=(4, 4), output_size=(4, 4), kernel_size=(3, 3), stride=1, padding=1, bias=False), 4096, 8192)) ; ((CNNrepository.Sigmoid(), 3072, 3072) || edges(2560) || (CNNrepository.Sigmoid(), 512, 512) || edges(2048)) ; ((CNNrepository.MaxPool2d(in_channels=512, input_size=(4, 4), output_size=(2, 2), kernel_size=(2, 2)), 8192, 2048)) ; (edges(1024) || (CNNrepository.Tanh(), 1024, 1024)) ; ((CNNrepository.Conv2d(in_channels=512, out_channels=128, input_size=(2, 2), output_size=(2, 2), kernel_size=(3, 3), stride=1, padding=1, bias=False), 2048, 512)) ; ((CNNrepository.Linear(in_features=512, out_features=10, bias=True), 512, 10))
        ), 
    loss= CNNrepository.CrossEntropyLoss(reduction='mean'), 
    optimizer= CNNrepository.Adam(learning_rate=0.1, betas=(0.9, 0.999), eps=1e-08, weight_decay=0.0005, amsgrad=False, maximize=False, capturable=False, differentiable=False, decoupled_weight_decay=False), 
    scheduler= CNNrepository.CosineAnnealingLR(eta_min=0.0), 
    epochs= 50
    )
",0.7751991550127665,0.7287333210309347,0.7320999701817831,637,2738890,337.6031892299652,False,50,,,,,1785986816.038318,3,0.7342000007629395 0.7239999771118164 0.7279999852180481,0.005139402366201139,False False False
random_sample,27,"
Learner(
    model= (
        ((CNNrepository.Conv2d(in_channels=3, out_channels=64, input_size=(32, 32), output_size=(32, 32), kernel_size=(3, 3), stride=1, padding=1, bias=False), 3072, 65536)) ; ((CNNrepository.ReLu(inplace=False), 65536, 65536)) ; ((CNNrepository.MaxPool2d(in_channels=64, input_size=(32, 32), output_size=(16, 16), kernel_size=(2, 2)), 65536, 16384)) ; ((CNNrepository.Conv2d(in_channels=256, out_channels=512, input_size=(8, 8), output_size=(8, 8), kernel_size=(3, 3), stride=1, padding=1, bias=False), 16384, 32768)) ; (swap(16384, 12288, 4096) || edges(8192) || swap(7168, 4096, 3072) || edges(1024)) ; ((CNNrepository.MaxPool2d(in_channels=512, input_size=(8, 8), output_size=(4, 4), kernel_size=(2, 2)), 32768, 8192)) ; ((CNNrepository.Conv2d(in_channels=128, out_channels=256, input_size=(8, 8), output_size=(8, 8), kernel_size=(3, 3), stride=1, padding=1, bias=False), 8192, 16384)) ; (swap(6144, 3584, 2560) || edges(10240)) ; ((CNNrepository.Conv2d(in_channels=256, out_channels=64, input_size=(8, 8), output_size=(8, 8), kernel_size=(3, 3), stride=1, padding=1, bias=False), 16384, 4096)) ; ((CNNrepository.Conv2d(in_channels=256, out_channels=512, input_size=(4, 4), output_size=(4, 4), kernel_size=(3, 3), stride=1, padding=1, bias=False), 4096, 8192)) ; (edges(1024) || (CNNrepository.ReLu(inplace=False), 3584, 3584) || (CNNrepository.ReLu(inplace=False), 2560, 2560) || (CNNrepository.Conv2d(in_channels=512, out_channels=512, input_size=(1, 1), output_size=(1, 1), kernel_size=(3, 3), stride=1, padding=1, bias=False), 512, 512) || edges(512)) ; ((CNNrepository.Conv2d(in_channels=512, out_channels=128, input_size=(4, 4), output_size=(4, 4), kernel_size=(3, 3), stride=1, padding=1, bias=False), 8192, 2048)) ; ((CNNrepository.Tanh(), 1024, 1024) || edges(1024)) ; ((CNNrepository.MaxPool2d(in_channels=128, input_size=(4, 4), output_size=(2, 2), kernel_size=(2, 2)), 2048, 512)) ; ((CNNrepository.Linear(in_features=512, out_features=10, bias=True), 512, 10))
        ), 
    loss= CNNrepository.CrossEntropyLoss(reduction='mean'), 
    optimizer= CNNrepository.Adam(learning_rate=0.1, betas=(0.9, 0.999), eps=1e-08, weight_decay=0.0005, amsgrad=False, maximize=False, capturable=False, differentiable=False, decoupled_weight_decay=False), 
    scheduler= CNNrepository.CosineAnnealingLR(eta_min=0.0), 
    epochs= 50
    )
",1.0680715640385945,0.618999977906545,0.6231666604677836,632,5757642,326.397011756897,False,50,,,,,1785987143.0115638,3,0.6245999932289124 0.6111999750137329 0.6211999654769897,0.006965635722916376,False False False
random_sample,28,"
Learner(
    model= (
        ((CNNrepository.Conv2d(in_channels=3, out_channels=64, input_size=(32, 32), output_size=(32, 32), kernel_size=(3, 3), stride=1, padding=1, bias=False), 3072, 65536)) ; ((CNNrepository.ReLu(inplace=False), 65536, 65536)) ; ((CNNrepository.MaxPool2d(in_channels=256, input_size=(16, 16), output_size=(8, 8), kernel_size=(2, 2)), 65536, 16384)) ; ((CNNrepository.Conv2d(in_channels=256, out_channels=512, input_size=(8, 8), output_size=(8, 8), kernel_size=(3, 3), stride=1, padding=1, bias=False), 16384, 32768)) ; (swap(8192, 1024, 7168) || edges(24576)) ; ((CNNrepository.MaxPool2d(in_channels=128, input_size=(16, 16), output_size=(8, 8), kernel_size=(2, 2)), 32768, 8192)) ; ((CNNrepository.Conv2d(in_channels=128, out_channels=256, input_size=(8, 8), output_size=(8, 8), kernel_size=(3, 3), stride=1, padding=1, bias=False), 8192, 16384)) ; (swap(8192, 4608, 3584) || swap(4608, 4096, 512) || edges(3584)) ; ((CNNrepository.MaxPool2d(in_channels=64, input_size=(16, 16), output_size=(8, 8), kernel_size=(2, 2)), 16384, 4096)) ; ((CNNrepository.Conv2d(in_channels=64, out_channels=128, input_size=(8, 8), output_size=(8, 8), kernel_size=(3, 3), stride=1, padding=1, bias=False), 4096, 8192)) ; (swap(2048, 1024, 1024) || (CNNrepository.Sigmoid(), 2560, 2560) || edges(3584)) ; ((CNNrepository.MaxPool2d(in_channels=128, input_size=(8, 8), output_size=(4, 4), kernel_size=(2, 2)), 8192, 2048)) ; (edges(1024) || (CNNrepository.Sigmoid(), 512, 512) || (CNNrepository.Conv2d(in_channels=512, out_channels=512, input_size=(1, 1), output_size=(1, 1), kernel_size=(3, 3), stride=1, padding=1, bias=False), 512, 512)) ; ((CNNrepository.Conv2d(in_channels=512, out_channels=128, input_size=(2, 2), output_size=(2, 2), kernel_size=(3, 3), stride=1, padding=1, bias=False), 2048, 512)) ; ((CNNrepository.Linear(in_features=512, out_features=10, bias=True), 512, 10))
        ), 
    loss= CNNrepository.CrossEntropyLoss(reduction='mean'), 
    optimizer= CNNrepository.Adam(learning_rate=0.1, betas=(0.9, 0.999), eps=1e-08, weight_decay=0.0005, amsgrad=False, maximize=False, capturable=False, differentiable=False, decoupled_weight_decay=False), 
    scheduler= CNNrepository.NoScheduler(), 
    epochs= 50
    )
",2195554410.6666665,0.10086666295925777,0.10003332793712616,585,4504266,293.08358335494995,False,50,,,,,1785987436.5742133,3,0.09699999541044235 0.10539999604225159 0.10019999742507935,0.004239497004886892,False False False
random_sample,29,"
Learner(
    model= (
        ((CNNrepository.Conv2d(in_channels=3, out_channels=64, input_size=(32, 32), output_size=(32, 32), kernel_size=(3, 3), stride=1, padding=1, bias=False), 3072, 65536)) ; ((CNNrepository.Conv2d(in_channels=64, out_channels=64, input_size=(32, 32), output_size=(32, 32), kernel_size=(3, 3), stride=1, padding=1, bias=False), 65536, 65536)) ; ((CNNrepository.Conv2d(in_channels=256, out_channels=64, input_size=(16, 16), output_size=(16, 16), kernel_size=(3, 3), stride=1, padding=1, bias=False), 65536, 16384)) ; ((CNNrepository.Conv2d(in_channels=64, out_channels=128, input_size=(16, 16), output_size=(16, 16), kernel_size=(3, 3), stride=1, padding=1, bias=False), 16384, 32768)) ; ((CNNrepository.Tanh(), 16384, 16384) || swap(8192, 3584, 4608) || edges(8192)) ; ((CNNrepository.Conv2d(in_channels=512, out_channels=128, input_size=(8, 8), output_size=(8, 8), kernel_size=(3, 3), stride=1, padding=1, bias=False), 32768, 8192)) ; ((CNNrepository.Conv2d(in_channels=128, out_channels=256, input_size=(8, 8), output_size=(8, 8), kernel_size=(3, 3), stride=1, padding=1, bias=False), 8192, 16384)) ; (edges(12288) || (CNNrepository.Linear(in_features=512, out_features=512, bias=True), 512, 512) || edges(3584)) ; ((CNNrepository.MaxPool2d(in_channels=64, input_size=(16, 16), output_size=(8, 8), kernel_size=(2, 2)), 16384, 4096)) ; ((CNNrepository.Conv2d(in_channels=64, out_channels=128, input_size=(8, 8), output_size=(8, 8), kernel_size=(3, 3), stride=1, padding=1, bias=False), 4096, 8192)) ; (swap(6144, 5120, 1024) || edges(2048)) ; ((CNNrepository.MaxPool2d(in_channels=128, input_size=(8, 8), output_size=(4, 4), kernel_size=(2, 2)), 8192, 2048)) ; (swap(1024, 512, 512) || (CNNrepository.Linear(in_features=512, out_features=512, bias=True), 512, 512) || (CNNrepository.BatchNorm2d(in_channels=128, input_size=(2, 2)), 512, 512)) ; ((CNNrepository.Conv2d(in_channels=512, out_channels=128, input_size=(2, 2), output_size=(2, 2), kernel_size=(3, 3), stride=1, padding=1, bias=False), 2048, 512)) ; ((CNNrepository.Linear(in_features=512, out_features=10, bias=False), 512, 10))
        ), 
    loss= CNNrepository.CrossEntropyLoss(reduction='mean'), 
    optimizer= CNNrepository.Adam(learning_rate=0.1, betas=(0.9, 0.999), eps=1e-08, weight_decay=0.0005, amsgrad=False, maximize=False, capturable=False, differentiable=False, decoupled_weight_decay=False), 
    scheduler= CNNrepository.NoScheduler(), 
    epochs= 50
    )
",220860995949909.34,0.11613332976897557,0.11969999720652898,576,2338752,371.8730173110962,False,50,,,,,1785987809.0406492,3,0.12539999186992645 0.10300000011920929 0.11999999731779099,0.011689877931691411,False False False
